dataLoading, datasizeKiB, enclaveMode, entries, numRuns, numThreads, numa, reruns, selectivity, unique, warmup, writeMode, timeMicroSec, cpuCycles,   cycles,  kcycles, instructions, L1D-misses, L1I-misses, LLC-misses, branch-misses, task-clock,     dTLB,     iTLB,   scale,      IPC,     CPUs,      GHz
  noPreload,           1,      native,    1024,    1000,          1,   no,      1,    0.010000,      0,     10, bitvector,    37.557000,    103810, 0.125484, 0.017132,     0.195599,   0.000180,   0.000501,   0.000092,      0.000066,   0.044959, 0.000002, 0.000022, 1024000, 1.558749, 1.225817, 2.791086
  noPreload,           2,      native,    2048,    1000,          1,   no,      1,    0.010000,      0,     10, bitvector,    24.500000,     69534, 0.044148, 0.008569,     0.168814,   0.000073,   0.000139,   0.000010,      0.000028,   0.016066, 0.000000, 0.000014, 2048000, 3.823823, 1.342980, 2.747926
  noPreload,           4,      native,    4096,    1000,          1,   no,      1,    0.010000,      0,     10, bitvector,    46.856000,    133100, 0.037876, 0.004210,     0.155416,   0.000048,   0.000063,   0.000007,      0.000011,   0.013385, 0.000000, 0.000005, 4096000, 4.103320, 1.170096, 2.829661
  noPreload,           8,      native,    8192,    1000,          1,   no,      1,    0.010000,      0,     10, bitvector,    91.465000,    261218, 0.034731, 0.002090,     0.148728,   0.000031,   0.000026,   0.000001,      0.000005,   0.012146, 0.000000, 0.000002, 8192000, 4.282278, 1.087859, 2.859439
  noPreload,          16,      native,   16384,    1000,          1,   no,      1,    0.010000,      0,     10, bitvector,   182.035000,    521038, 0.033386, 0.001040,     0.145377,   0.000024,   0.000014,   0.000006,      0.000064,   0.011594, 0.000000, 0.000001, 16384000, 4.354425, 1.043530, 2.879558
  noPreload,          32,      native,   32768,    1000,          1,   no,      1,    0.010000,      0,     10, bitvector,   362.265000,   1037336, 0.032641, 0.000514,     0.143705,   0.000023,   0.000007,   0.000004,      0.000032,   0.011297, 0.000000, 0.000001, 32768000, 4.402648, 1.021885, 2.889212
  noPreload,          64,      native,   65536,    1000,          1,   no,      1,    0.010000,      0,     10, bitvector,   731.834000,   2093700, 0.032677, 0.000261,     0.142868,   0.017847,   0.000004,   0.000004,      0.000016,   0.011289, 0.000000, 0.000000, 65536000, 4.372163, 1.010956, 2.894505
  noPreload,         128,      native,  131072,    1000,          1,   no,      1,    0.010000,      0,     10, bitvector,  1456.529000,   4168694, 0.032373, 0.000131,     0.142450,   0.017799,   0.000002,   0.000004,      0.000008,   0.011174, 0.000000, 0.000000, 131072000, 4.400226, 1.005528, 2.897233
  noPreload,         256,      native,  262144,    1000,          1,   no,      1,    0.010000,      0,     10, bitvector,  2906.993000,   8320354, 0.032233, 0.000066,     0.142240,   0.017781,   0.000001,   0.000005,      0.000004,   0.011121, 0.000000, 0.000000, 262144000, 4.412849, 1.002816, 2.898537
  noPreload,         512,      native,  524288,    1000,          1,   no,      1,    0.010000,      0,     10, bitvector,  5820.846000,  16664786, 0.032234, 0.000085,     0.142157,   0.017767,   0.000004,   0.000005,      0.000002,   0.011119, 0.000000, 0.000000, 524288000, 4.410089, 1.001499, 2.899033
  noPreload,        1024,      native, 1048576,    1000,          1,   no,      1,    0.010000,      0,     10, bitvector, 14233.968000,  40722034, 0.039321, 0.000112,     0.142147,   0.017761,   0.000003,   0.000009,      0.000001,   0.013566, 0.000000, 0.000000, 1048576000, 3.615043, 0.999381, 2.898465
  noPreload,        2048,      native, 2097152,    1000,          1,   no,      1,    0.010000,      0,     10, bitvector, 72863.542000, 208892868, 0.100723, 0.000099,     0.142119,   0.017758,   0.000003,   0.000012,      0.000001,   0.034736, 0.000000, 0.000000, 2097152000, 1.410988, 0.999763, 2.899690
  noPreload,        4096,      native, 4194304,    1000,          1,   no,      1,    0.010000,      0,     10, bitvector, 146751.063000, 420862084, 0.101472, 0.000062,     0.142089,   0.017757,   0.000001,   0.000011,      0.000000,   0.034991, 0.000000, 0.000000, 4194304000, 1.400271, 1.000091, 2.899924
  noPreload,        8192,      native, 8388608,    1000,          1,   no,      1,    0.010000,      0,     10, bitvector, 294195.340000, 843674296, 0.101706, 0.000062,     0.142081,   0.017790,   0.000001,   0.000010,      0.000000,   0.035072, 0.000002, 0.000000, 8388608000, 1.396981, 1.000038, 2.899909
  noPreload,       16384,      native, 16777216,    1000,          1,   no,      1,    0.010000,      0,     10, bitvector, 637652.024000, 1828393652, 0.110145, 0.000088,     0.142082,   0.017793,   0.000001,   0.000566,      0.000000,   0.037984, 0.000006, 0.000000, 16777216000, 1.289953, 0.999389, 2.899792
  noPreload,       32768,      native, 33554432,    1000,          1,   no,      1,    0.010000,      0,     10, bitvector, 2060333.810000, 5915225416, 0.177997, 0.000232,     0.142108,   0.017793,   0.000003,   0.006263,      0.000000,   0.061382, 0.000007, 0.000000, 33554432000, 0.798375, 0.999657, 2.899835
  noPreload,       65536,      native, 67108864,    1000,          1,   no,      1,    0.010000,      0,     10, bitvector, 5078303.588000, 14580940286, 0.219364, 0.000284,     0.142124,   0.017795,   0.000005,   0.009250,      0.000000,   0.075647, 0.000006, 0.000000, 67108864000, 0.647890, 0.999658, 2.899854
  noPreload,      131072,      native, 134217728,    1000,          1,   no,      1,    0.010000,      0,     10, bitvector, 10780488.437000, 30954703518, 0.232834, 0.000222,     0.142130,   0.017795,   0.000004,   0.011214,      0.000000,   0.080292, 0.000006, 0.000000, 134217728000, 0.610432, 0.999639, 2.899848
  noPreload,      262144,      native, 268435456,    1000,          1,   no,      1,    0.010000,      0,     10, bitvector, 21693941.048000, 62290421432, 0.234271, 0.000281,     0.142331,   0.017797,   0.000004,   0.011801,      0.000000,   0.080787, 0.000006, 0.000000, 268435456000, 0.607546, 0.999644, 2.899847
  noPreload,      524288,      native, 536870912,    1000,          1,   no,      1,    0.010000,      0,     10, bitvector, 43055778.884000, 123625353490, 0.232468, 0.000266,     0.142330,   0.017797,   0.000004,   0.012064,      0.000000,   0.080166, 0.000006, 0.000000, 536870912000, 0.612255, 0.999607, 2.899831
  noPreload,     1048576,      native, 1073741824,    1000,          1,   no,      1,    0.010000,      0,     10, bitvector, 85688701.307000, 246041405346, 0.231331, 0.000266,     0.142332,   0.017797,   0.000004,   0.012217,      0.000000,   0.079774, 0.000006, 0.000000, 1073741824000, 0.615275, 0.999621, 2.899843
  noPreload,     2097152,      native, 2147483648,    1000,          1,   no,      1,    0.010000,      0,     10, bitvector, 171044921.192000, 491120576686, 0.230878, 0.000273,     0.142338,   0.017797,   0.000004,   0.012282,      0.000000,   0.079618, 0.000006, 0.000000, 2147483648000, 0.616509, 0.999606, 2.899838
  noPreload,     4194304,      native, 4294967296,    1000,          1,   no,      1,    0.010000,      0,     10, bitvector, 341754873.997000, 981300139206, 0.230654, 0.000280,     0.142354,   0.017797,   0.000004,   0.012318,      0.000000,   0.079540, 0.000006, 0.000000, 4294967296000, 0.617179, 0.999613, 2.899835
  noPreload,     8388608,      native, 8589934592,    1000,          1,   no,      1,    0.010000,      0,     10, bitvector, 682935926.324000, 1960921333198, 0.230458, 0.000279,     0.142373,   0.017797,   0.000004,   0.012331,      0.000000,   0.079473, 0.000006, 0.000000, 8589934592000, 0.617783, 0.999604, 2.899833
  noPreload,           1,     enclave,    1024,    1000,          1,   no,      1,    0.010000,      0,     10, bitvector,    51.730000,     84860, 0.056069, 0.019184,     0.032956,   0.000310,   0.001261,   0.000677,      0.000089,   0.059505, 0.000057, 0.000099, 1024000, 0.587773, 1.177905, 0.942264
  noPreload,           2,     enclave,    2048,    1000,          1,   no,      1,    0.010000,      0,     10, bitvector,    30.871000,     69578, 0.014492, 0.008890,     0.016478,   0.000147,   0.000355,   0.000003,      0.000022,   0.019300, 0.000027, 0.000041, 2048000, 1.137067, 1.280393, 0.750854
  noPreload,           4,     enclave,    4096,    1000,          1,   no,      1,    0.010000,      0,     10, bitvector,    53.292000,    133354, 0.006935, 0.004437,     0.008239,   0.000073,   0.000166,   0.000003,      0.000010,   0.015111, 0.000014, 0.000021, 4096000, 1.188143, 1.161450, 0.458899
  noPreload,           8,     enclave,    8192,    1000,          1,   no,      1,    0.010000,      0,     10, bitvector,    97.415000,    261334, 0.003476, 0.002279,     0.004119,   0.000040,   0.000084,   0.000002,      0.000004,   0.012997, 0.000007, 0.000010, 8192000, 1.184803, 1.092994, 0.267474
  noPreload,          16,     enclave,   16384,    1000,          1,   no,      1,    0.010000,      0,     10, bitvector,   194.249000,    539224, 0.001732, 0.001110,     0.002060,   0.000023,   0.000041,   0.000000,      0.000002,   0.012370, 0.000004, 0.000005, 16384000, 1.188867, 1.043393, 0.140050
  noPreload,          32,     enclave,   32768,    1000,          1,   no,      1,    0.010000,      0,     10, bitvector,   386.859000,   1088760, 0.001790, 0.001272,     0.001206,   0.000026,   0.000070,   0.000012,      0.000002,   0.012068, 0.000003, 0.000003, 32768000, 0.674061, 1.022233, 0.148298
  noPreload,          64,     enclave,   65536,    1000,          1,   no,      1,    0.010000,      0,     10, bitvector,   737.950000,   2094310, 0.000440, 0.000281,     0.000515,   0.000008,   0.000011,   0.000000,      0.000001,   0.011390, 0.000001, 0.000001, 65536000, 1.170121, 1.011528, 0.038657
  noPreload,         128,     enclave,  131072,    1000,          1,   no,      1,    0.010000,      0,     10, bitvector,  1470.199000,   4189206, 0.000220, 0.000143,     0.000257,   0.000004,   0.000005,   0.000000,      0.000000,   0.011283, 0.000000, 0.000001, 131072000, 1.171893, 1.005946, 0.019471
  noPreload,         256,     enclave,  262144,    1000,          1,   no,      1,    0.010000,      0,     10, bitvector,  2933.272000,   8376014, 0.000230, 0.000167,     0.000186,   0.000004,   0.000008,   0.000001,      0.000000,   0.011225, 0.000000, 0.000000, 262144000, 0.811419, 1.003152, 0.020458
  noPreload,         512,     enclave,  524288,    1000,          1,   no,      1,    0.010000,      0,     10, bitvector,  5830.875000,  16663788, 0.000089, 0.000054,     0.000073,   0.000001,   0.000003,   0.000000,      0.000000,   0.011139, 0.000000, 0.000000, 524288000, 0.819249, 1.001543, 0.007982
  noPreload,        1024,     enclave, 1048576,    1000,          1,   no,      1,    0.010000,      0,     10, bitvector, 14235.670000,  40683068, 0.000210, 0.000167,     0.000139,   0.000003,   0.000005,   0.000001,      0.000000,   0.013579, 0.000000, 0.000000, 1048576000, 0.660146, 1.000176, 0.015452
  noPreload,        2048,     enclave, 2097152,    1000,          1,   no,      1,    0.010000,      0,     10, bitvector, 72933.320000, 209098364, 0.000189, 0.000107,     0.000068,   0.000003,   0.000004,   0.000000,      0.000000,   0.034784, 0.000000, 0.000000, 2097152000, 0.363184, 1.000186, 0.005420
  noPreload,        4096,     enclave, 4194304,    1000,          1,   no,      1,    0.010000,      0,     10, bitvector, 146963.294000, 421410394, 0.000161, 0.000083,     0.000052,   0.000003,   0.000002,   0.000000,      0.000000,   0.035043, 0.000000, 0.000000, 4194304000, 0.321787, 1.000107, 0.004607
  noPreload,        8192,     enclave, 8388608,    1000,          1,   no,      1,    0.010000,      0,     10, bitvector, 294520.039000, 844440302, 0.000151, 0.000080,     0.000048,   0.000003,   0.000002,   0.000000,      0.000000,   0.035108, 0.000000, 0.000000, 8388608000, 0.316418, 0.999955, 0.004287
  noPreload,       16384,     enclave, 16777216,    1000,          1,   no,      1,    0.010000,      0,     10, bitvector, 641861.362000, 1840369996, 0.000190, 0.000106,     0.000050,   0.000003,   0.000002,   0.000001,      0.000000,   0.038238, 0.000000, 0.000000, 16777216000, 0.262884, 0.999485, 0.004969
  noPreload,       32768,     enclave, 33554432,    1000,          1,   no,      1,    0.010000,      0,     10, bitvector, 2057666.113000, 5907076536, 0.000535, 0.000281,     0.000076,   0.000005,   0.000005,   0.000008,      0.000000,   0.061297, 0.000001, 0.000000, 33554432000, 0.143000, 0.999579, 0.008725
  noPreload,       65536,     enclave, 67108864,    1000,          1,   no,      1,    0.010000,      0,     10, bitvector, 5099671.493000, 14642436862, 0.000611, 0.000337,     0.000095,   0.000006,   0.000007,   0.000010,      0.000000,   0.075954, 0.000001, 0.000000, 67108864000, 0.155807, 0.999514, 0.008040
  noPreload,      131072,     enclave, 134217728,    1000,          1,   no,      1,    0.010000,      0,     10, bitvector, 10813628.886000, 31048890018, 0.000521, 0.000264,     0.000100,   0.000006,   0.000006,   0.000006,      0.000000,   0.080531, 0.000001, 0.000000, 134217728000, 0.191713, 0.999543, 0.006474
  noPreload,      262144,     enclave, 268435456,    1000,          1,   no,      1,    0.010000,      0,     10, bitvector, 21724477.520000, 62376985680, 0.000566, 0.000313,     0.000301,   0.000009,   0.000006,   0.000006,      0.000000,   0.080895, 0.000001, 0.000000, 268435456000, 0.532529, 0.999572, 0.006991
  noPreload,      524288,     enclave, 536870912,    1000,          1,   no,      1,    0.010000,      0,     10, bitvector, 43103821.888000, 123765985514, 0.000570, 0.000321,     0.000399,   0.000010,   0.000006,   0.000006,      0.000000,   0.080254, 0.000001, 0.000000, 536870912000, 0.699200, 0.999588, 0.007102
  noPreload,     1048576,     enclave, 1073741824,    1000,          1,   no,      1,    0.010000,      0,     10, bitvector, 85824804.582000, 246432411130, 0.000548, 0.000302,     0.000302,   0.000009,   0.000006,   0.000006,      0.000000,   0.079898, 0.000001, 0.000000, 1073741824000, 0.550373, 0.999589, 0.006857
  noPreload,     2097152,     enclave, 2147483648,    1000,          1,   no,      1,    0.010000,      0,     10, bitvector, 171291439.200000, 491835161004, 0.000547, 0.000306,     0.000308,   0.000009,   0.000006,   0.000006,      0.000000,   0.079731, 0.000001, 0.000000, 2147483648000, 0.562942, 0.999589, 0.006860
  noPreload,     4194304,     enclave, 4294967296,    1000,          1,   no,      1,    0.010000,      0,     10, bitvector, 342250778.345000, 982714172354, 0.000548, 0.000310,     0.000323,   0.000009,   0.000006,   0.000006,      0.000000,   0.079655, 0.000001, 0.000000, 4294967296000, 0.589760, 0.999601, 0.006882
  noPreload,     8388608,     enclave, 8589934592,    1000,          1,   no,      1,    0.010000,      0,     10, bitvector, 684141280.869000, 1964389428070, 0.000553, 0.000314,     0.000342,   0.000009,   0.000006,   0.000006,      0.000000,   0.079613, 0.000001, 0.000000, 8589934592000, 0.618635, 0.999601, 0.006943
    preload,           1,     enclave,    1024,    1000,          1,   no,      1,    0.010000,      0,     10, bitvector,    20.820000,     37146, 0.032162, 0.018942,     0.032961,   0.000331,   0.000699,   0.000044,      0.000052,   0.029341, 0.000060, 0.000070, 1024000, 1.024838, 1.443084, 1.096156
    preload,           2,     enclave,    2048,    1000,          1,   no,      1,    0.010000,      0,     10, bitvector,    30.043000,     69206, 0.013863, 0.009231,     0.016470,   0.000142,   0.000283,   0.000002,      0.000021,   0.018948, 0.000028, 0.000040, 2048000, 1.188088, 1.291649, 0.731633
    preload,           4,     enclave,    4096,    1000,          1,   no,      1,    0.010000,      0,     10, bitvector,    52.481000,    133278, 0.006826, 0.004449,     0.008237,   0.000072,   0.000127,   0.000001,      0.000010,   0.014858, 0.000014, 0.000020, 4096000, 1.206681, 1.159620, 0.459447
    preload,           8,     enclave,    8192,    1000,          1,   no,      1,    0.010000,      0,     10, bitvector,    97.446000,    261280, 0.003391, 0.002270,     0.004120,   0.000039,   0.000067,   0.000001,      0.000005,   0.012960, 0.000007, 0.000010, 8192000, 1.215019, 1.089506, 0.261651
    preload,          16,     enclave,   16384,    1000,          1,   no,      1,    0.010000,      0,     10, bitvector,   193.902000,    537312, 0.001710, 0.001116,     0.002062,   0.000023,   0.000031,   0.000000,      0.000002,   0.012352, 0.000004, 0.000005, 16384000, 1.205898, 1.043702, 0.138401
    preload,          32,     enclave,   32768,    1000,          1,   no,      1,    0.010000,      0,     10, bitvector,   373.058000,   1050378, 0.000869, 0.000566,     0.001030,   0.000014,   0.000016,   0.000000,      0.000001,   0.011646, 0.000002, 0.000003, 32768000, 1.184387, 1.022948, 0.074653
    preload,          64,     enclave,   65536,    1000,          1,   no,      1,    0.010000,      0,     10, bitvector,   738.033000,   2094074, 0.000432, 0.000281,     0.000515,   0.000008,   0.000008,   0.000000,      0.000001,   0.011391, 0.000001, 0.000001, 65536000, 1.191202, 1.011533, 0.037943
    preload,         128,     enclave,  131072,    1000,          1,   no,      1,    0.010000,      0,     10, bitvector,  1474.358000,   4199550, 0.000409, 0.000275,     0.000304,   0.000007,   0.000016,   0.000001,      0.000001,   0.011315, 0.000001, 0.000001, 131072000, 0.742973, 1.005932, 0.036102
    preload,         256,     enclave,  262144,    1000,          1,   no,      1,    0.010000,      0,     10, bitvector,  2922.468000,   8343978, 0.000168, 0.000110,     0.000149,   0.000003,   0.000006,   0.000000,      0.000000,   0.011181, 0.000000, 0.000000, 262144000, 0.882582, 1.002943, 0.015063
    preload,         512,     enclave,  524288,    1000,          1,   no,      1,    0.010000,      0,     10, bitvector,  5829.935000,  16667886, 0.000082, 0.000051,     0.000073,   0.000001,   0.000003,   0.000000,      0.000000,   0.011137, 0.000000, 0.000000, 524288000, 0.889680, 1.001528, 0.007357
    preload,        1024,     enclave, 1048576,    1000,          1,   no,      1,    0.010000,      0,     10, bitvector, 11736.922000,  33520366, 0.000159, 0.000126,     0.000114,   0.000002,   0.000004,   0.000001,      0.000000,   0.011189, 0.000000, 0.000000, 1048576000, 0.717182, 0.999609, 0.014166
    preload,        2048,     enclave, 2097152,    1000,          1,   no,      1,    0.010000,      0,     10, bitvector, 73444.865000, 210583888, 0.000172, 0.000097,     0.000067,   0.000003,   0.000003,   0.000000,      0.000000,   0.035028, 0.000000, 0.000000, 2097152000, 0.385806, 1.000182, 0.004922
    preload,        4096,     enclave, 4194304,    1000,          1,   no,      1,    0.010000,      0,     10, bitvector, 146998.002000, 421589616, 0.000156, 0.000082,     0.000052,   0.000003,   0.000002,   0.000000,      0.000000,   0.035051, 0.000000, 0.000000, 4194304000, 0.333556, 1.000099, 0.004453
    preload,        8192,     enclave, 8388608,    1000,          1,   no,      1,    0.010000,      0,     10, bitvector, 296237.510000, 849652482, 0.000156, 0.000082,     0.000049,   0.000003,   0.000002,   0.000000,      0.000000,   0.035277, 0.000000, 0.000000, 8388608000, 0.313536, 0.998934, 0.004426
    preload,       16384,     enclave, 16777216,    1000,          1,   no,      1,    0.010000,      0,     10, bitvector, 593599.695000, 1702060512, 0.000157, 0.000077,     0.000045,   0.000003,   0.000002,   0.000000,      0.000000,   0.035381, 0.000000, 0.000000, 16777216000, 0.288576, 0.999981, 0.004451
    preload,       32768,     enclave, 33554432,    1000,          1,   no,      1,    0.010000,      0,     10, bitvector, 2013612.816000, 5783014880, 0.000416, 0.000205,     0.000074,   0.000005,   0.000003,   0.000004,      0.000000,   0.059987, 0.000001, 0.000000, 33554432000, 0.178370, 0.999614, 0.006938
    preload,       65536,     enclave, 67108864,    1000,          1,   no,      1,    0.010000,      0,     10, bitvector, 4853561.640000, 13934073310, 0.000592, 0.000327,     0.000089,   0.000006,   0.000007,   0.000010,      0.000000,   0.072292, 0.000001, 0.000000, 67108864000, 0.150783, 0.999565, 0.008190
    preload,      131072,     enclave, 134217728,    1000,          1,   no,      1,    0.010000,      0,     10, bitvector, 10620299.700000, 30493920870, 0.000503, 0.000253,     0.000097,   0.000006,   0.000006,   0.000006,      0.000000,   0.079094, 0.000001, 0.000000, 134217728000, 0.193544, 0.999582, 0.006357
    preload,      262144,     enclave, 268435456,    1000,          1,   no,      1,    0.010000,      0,     10, bitvector, 21675605.783000, 62236699876, 0.000564, 0.000311,     0.000301,   0.000009,   0.000006,   0.000006,      0.000000,   0.080715, 0.000001, 0.000000, 268435456000, 0.533456, 0.999587, 0.006990
    preload,      524288,     enclave, 536870912,    1000,          1,   no,      1,    0.010000,      0,     10, bitvector, 43648345.124000, 125329478944, 0.000577, 0.000327,     0.000400,   0.000010,   0.000006,   0.000006,      0.000000,   0.081269, 0.000001, 0.000000, 536870912000, 0.692925, 0.999596, 0.007103
    preload,     1048576,     enclave, 1073741824,    1000,          1,   no,      1,    0.010000,      0,     10, bitvector, 87648313.150000, 251665247120, 0.000557, 0.000307,     0.000301,   0.000009,   0.000006,   0.000006,      0.000000,   0.081595, 0.000001, 0.000000, 1073741824000, 0.539616, 0.999590, 0.006827
    preload,     2097152,     enclave, 2147483648,    1000,          1,   no,      1,    0.010000,      0,     10, bitvector, 175741226.393000, 504612451690, 0.000558, 0.000310,     0.000301,   0.000009,   0.000006,   0.000006,      0.000000,   0.081804, 0.000001, 0.000000, 2147483648000, 0.539544, 0.999605, 0.006821
    preload,     4194304,     enclave, 4294967296,    1000,          1,   no,      1,    0.010000,      0,     10, bitvector, 351956648.252000, 1010583743552, 0.000564, 0.000317,     0.000326,   0.000009,   0.000006,   0.000006,      0.000000,   0.081913, 0.000001, 0.000000, 4294967296000, 0.578317, 0.999600, 0.006884
    preload,     8388608,     enclave, 8589934592,    1000,          1,   no,      1,    0.010000,      0,     10, bitvector, 704097262.016000, 2021709483836, 0.000565, 0.000320,     0.000320,   0.000009,   0.000006,   0.000006,      0.000000,   0.081935, 0.000001, 0.000000, 8589934592000, 0.566178, 0.999605, 0.006901
  noPreload,           1,      native,    1024,    1000,          1,   no,      1,    0.010000,      0,     10, bitvector,    43.100000,    101128, 0.141507, 0.034420,     0.198928,   0.000313,   0.001259,   0.000348,      0.000121,   0.050422, 0.000020, 0.000030, 1024000, 1.405782, 1.197958, 2.806457
  noPreload,           2,      native,    2048,    1000,          1,   no,      1,    0.010000,      0,     10, bitvector,    24.753000,     69532, 0.044543, 0.008439,     0.168792,   0.000067,   0.000107,   0.000001,      0.000024,   0.016079, 0.000000, 0.000016, 2048000, 3.789389, 1.330344, 2.770270
  noPreload,           4,      native,    4096,    1000,          1,   no,      1,    0.010000,      0,     10, bitvector,    46.778000,    133270, 0.037844, 0.004176,     0.155413,   0.000041,   0.000054,   0.000007,      0.000011,   0.013386, 0.000000, 0.000008, 4096000, 4.106645, 1.172132, 2.827102
  noPreload,           8,      native,    8192,    1000,          1,   no,      1,    0.010000,      0,     10, bitvector,    91.871000,    261594, 0.034898, 0.002152,     0.148725,   0.000028,   0.000024,   0.000005,      0.000006,   0.012211, 0.000000, 0.000004, 8192000, 4.261748, 1.088809, 2.857963
  noPreload,          16,      native,   16384,    1000,          1,   no,      1,    0.010000,      0,     10, bitvector,   188.759000,    540188, 0.034580, 0.001041,     0.145379,   0.000025,   0.000011,   0.000006,      0.000064,   0.012025, 0.000000, 0.000001, 16384000, 4.204174, 1.043786, 2.875548
  noPreload,          32,      native,   32768,    1000,          1,   no,      1,    0.010000,      0,     10, bitvector,   361.458000,   1034528, 0.032576, 0.000521,     0.143705,   0.000023,   0.000006,   0.000004,      0.000032,   0.011274, 0.000000, 0.000001, 32768000, 4.411363, 1.022050, 2.889483
  noPreload,          64,      native,   65536,    1000,          1,   no,      1,    0.010000,      0,     10, bitvector,   729.179000,   2087376, 0.032561, 0.000261,     0.142869,   0.017849,   0.000003,   0.000004,      0.000016,   0.011247, 0.000000, 0.000000, 65536000, 4.387722, 1.010875, 2.894982
  noPreload,         128,      native,  131072,    1000,          1,   no,      1,    0.010000,      0,     10, bitvector,  1458.139000,   4174414, 0.032409, 0.000131,     0.142450,   0.017801,   0.000001,   0.000005,      0.000008,   0.011186, 0.000000, 0.000000, 131072000, 4.395348, 1.005493, 2.897342
  noPreload,         256,      native,  262144,    1000,          1,   no,      1,    0.010000,      0,     10, bitvector,  2909.379000,   8327190, 0.032260, 0.000066,     0.142240,   0.017782,   0.000001,   0.000005,      0.000004,   0.011130, 0.000000, 0.000000, 262144000, 4.409195, 1.002816, 2.898559
  noPreload,         512,      native,  524288,    1000,          1,   no,      1,    0.010000,      0,     10, bitvector,  5821.202000,  16661466, 0.032238, 0.000070,     0.142156,   0.017767,   0.000003,   0.000005,      0.000002,   0.011121, 0.000000, 0.000000, 524288000, 4.409533, 1.001630, 2.898821
  noPreload,        1024,      native, 1048576,    1000,          1,   no,      1,    0.010000,      0,     10, bitvector, 15521.721000,  44415032, 0.042885, 0.000113,     0.142161,   0.017760,   0.000003,   0.000007,      0.000001,   0.014795, 0.000000, 0.000000, 1048576000, 3.314890, 0.999508, 2.898568
  noPreload,        2048,      native, 2097152,    1000,          1,   no,      1,    0.010000,      0,     10, bitvector, 72815.685000, 208770988, 0.100703, 0.000073,     0.142109,   0.017758,   0.000002,   0.000012,      0.000001,   0.034727, 0.000000, 0.000000, 2097152000, 1.411166, 1.000171, 2.899840
  noPreload,        4096,      native, 4194304,    1000,          1,   no,      1,    0.010000,      0,     10, bitvector, 146725.788000, 420795926, 0.101455, 0.000059,     0.142089,   0.017757,   0.000001,   0.000011,      0.000000,   0.034985, 0.000000, 0.000000, 4194304000, 1.400514, 1.000092, 2.899921
  noPreload,        8192,      native, 8388608,    1000,          1,   no,      1,    0.010000,      0,     10, bitvector, 294204.562000, 843647236, 0.101713, 0.000060,     0.142081,   0.017789,   0.000001,   0.000012,      0.000000,   0.035074, 0.000002, 0.000000, 8388608000, 1.396887, 1.000058, 2.899949
  noPreload,       16384,      native, 16777216,    1000,          1,   no,      1,    0.010000,      0,     10, bitvector, 649910.823000, 1863648798, 0.112274, 0.000534,     0.142891,   0.017803,   0.000001,   0.000699,      0.000000,   0.038718, 0.000006, 0.000000, 16777216000, 1.272693, 0.999487, 2.899811
  noPreload,       32768,      native, 33554432,    1000,          1,   no,      1,    0.010000,      0,     10, bitvector, 2044091.528000, 5868076910, 0.176593, 0.000208,     0.142107,   0.017794,   0.000003,   0.006441,      0.000000,   0.060898, 0.000007, 0.000000, 33554432000, 0.804713, 0.999654, 2.899841
  noPreload,       65536,      native, 67108864,    1000,          1,   no,      1,    0.010000,      0,     10, bitvector, 5087635.556000, 14607802162, 0.219754, 0.000277,     0.142125,   0.017795,   0.000005,   0.009265,      0.000000,   0.075782, 0.000006, 0.000000, 67108864000, 0.646746, 0.999603, 2.899830
  noPreload,      131072,      native, 134217728,    1000,          1,   no,      1,    0.010000,      0,     10, bitvector, 10813795.250000, 31049931586, 0.233551, 0.000273,     0.142233,   0.017796,   0.000004,   0.011208,      0.000000,   0.080539, 0.000006, 0.000000, 134217728000, 0.609004, 0.999625, 2.899851
  noPreload,      262144,      native, 268435456,    1000,          1,   no,      1,    0.010000,      0,     10, bitvector, 21781866.548000, 62543022670, 0.235212, 0.000303,     0.142291,   0.017797,   0.000004,   0.011776,      0.000000,   0.081112, 0.000006, 0.000000, 268435456000, 0.604947, 0.999609, 2.899839
  noPreload,      524288,      native, 536870912,    1000,          1,   no,      1,    0.010000,      0,     10, bitvector, 43215692.513000, 124086393946, 0.233332, 0.000289,     0.142271,   0.017796,   0.000004,   0.012038,      0.000000,   0.080464, 0.000006, 0.000000, 536870912000, 0.609736, 0.999608, 2.899837
  noPreload,           1,     enclave,    1024,    1000,          1,   no,      1,    0.010000,      0,     10, bitvector,    55.475000,     94194, 0.057493, 0.018728,     0.032962,   0.000317,   0.001138,   0.000643,      0.000080,   0.062813, 0.000064, 0.000116, 1024000, 0.573319, 1.159459, 0.915300
  noPreload,           2,     enclave,    2048,    1000,          1,   no,      1,    0.010000,      0,     10, bitvector,    30.113000,     69416, 0.013704, 0.009009,     0.016460,   0.000151,   0.000338,   0.000014,      0.000022,   0.018879, 0.000031, 0.000045, 2048000, 1.201176, 1.283964, 0.725869
  noPreload,           4,     enclave,    4096,    1000,          1,   no,      1,    0.010000,      0,     10, bitvector,    52.432000,    133314, 0.006972, 0.004498,     0.008246,   0.000077,   0.000159,   0.000002,      0.000010,   0.015004, 0.000015, 0.000022, 4096000, 1.182674, 1.172147, 0.464691
  noPreload,           8,     enclave,    8192,    1000,          1,   no,      1,    0.010000,      0,     10, bitvector,    97.022000,    261750, 0.003405, 0.002241,     0.004120,   0.000039,   0.000077,   0.000003,      0.000005,   0.012897, 0.000008, 0.000011, 8192000, 1.210045, 1.088970, 0.264013
  noPreload,          16,     enclave,   16384,    1000,          1,   no,      1,    0.010000,      0,     10, bitvector,   194.073000,    538896, 0.001749, 0.001128,     0.002060,   0.000021,   0.000039,   0.000001,      0.000002,   0.012360, 0.000004, 0.000006, 16384000, 1.177824, 1.043468, 0.141485
  noPreload,          32,     enclave,   32768,    1000,          1,   no,      1,    0.010000,      0,     10, bitvector,   373.914000,   1052506, 0.000877, 0.000566,     0.001031,   0.000014,   0.000018,   0.000001,      0.000001,   0.011671, 0.000002, 0.000003, 32768000, 1.175423, 1.022813, 0.075153
  noPreload,          64,     enclave,   65536,    1000,          1,   no,      1,    0.010000,      0,     10, bitvector,   737.570000,   2093672, 0.000429, 0.000281,     0.000515,   0.000007,   0.000009,   0.000000,      0.000001,   0.011384, 0.000001, 0.000001, 65536000, 1.200882, 1.011528, 0.037672
  noPreload,         128,     enclave,  131072,    1000,          1,   no,      1,    0.010000,      0,     10, bitvector,  1482.231000,   4223674, 0.000383, 0.000254,     0.000297,   0.000006,   0.000014,   0.000002,      0.000000,   0.011375, 0.000001, 0.000001, 131072000, 0.773715, 1.005844, 0.033714
  noPreload,         256,     enclave,  262144,    1000,          1,   no,      1,    0.010000,      0,     10, bitvector,  2929.637000,   8365864, 0.000173, 0.000112,     0.000149,   0.000003,   0.000006,   0.000000,      0.000000,   0.011208, 0.000000, 0.000000, 262144000, 0.859104, 1.002930, 0.015445
  noPreload,         512,     enclave,  524288,    1000,          1,   no,      1,    0.010000,      0,     10, bitvector,  5840.419000,  16689318, 0.000119, 0.000087,     0.000093,   0.000002,   0.000003,   0.000001,      0.000000,   0.011157, 0.000000, 0.000000, 524288000, 0.782879, 1.001549, 0.010682
  noPreload,        1024,     enclave, 1048576,    1000,          1,   no,      1,    0.010000,      0,     10, bitvector, 15513.949000,  44355802, 0.000180, 0.000137,     0.000117,   0.000003,   0.000004,   0.000001,      0.000000,   0.014790, 0.000000, 0.000000, 1048576000, 0.646318, 0.999660, 0.012188
  noPreload,        2048,     enclave, 2097152,    1000,          1,   no,      1,    0.010000,      0,     10, bitvector, 72874.605000, 208921752, 0.000177, 0.000098,     0.000062,   0.000003,   0.000003,   0.000000,      0.000000,   0.034756, 0.000000, 0.000000, 2097152000, 0.350246, 1.000179, 0.005099
  noPreload,        4096,     enclave, 4194304,    1000,          1,   no,      1,    0.010000,      0,     10, bitvector, 146900.251000, 421256372, 0.000156, 0.000085,     0.000052,   0.000003,   0.000002,   0.000000,      0.000000,   0.035027, 0.000000, 0.000000, 4194304000, 0.335224, 1.000097, 0.004460
  noPreload,        8192,     enclave, 8388608,    1000,          1,   no,      1,    0.010000,      0,     10, bitvector, 295372.074000, 847030418, 0.000156, 0.000085,     0.000048,   0.000003,   0.000002,   0.000000,      0.000000,   0.035177, 0.000000, 0.000000, 8388608000, 0.310965, 0.999038, 0.004424
  noPreload,       16384,     enclave, 16777216,    1000,          1,   no,      1,    0.010000,      0,     10, bitvector, 642647.526000, 1842818886, 0.000191, 0.000107,     0.000050,   0.000003,   0.000002,   0.000001,      0.000000,   0.038300, 0.000000, 0.000000, 16777216000, 0.262953, 0.999883, 0.004981
  noPreload,       32768,     enclave, 33554432,    1000,          1,   no,      1,    0.010000,      0,     10, bitvector, 2036425.185000, 5845612584, 0.000485, 0.000257,     0.000076,   0.000005,   0.000004,   0.000007,      0.000000,   0.060664, 0.000001, 0.000000, 33554432000, 0.156454, 0.999565, 0.007988
  noPreload,       65536,     enclave, 67108864,    1000,          1,   no,      1,    0.010000,      0,     10, bitvector, 5107830.807000, 14665851710, 0.000710, 0.000434,     0.000298,   0.000009,   0.000007,   0.000012,      0.000000,   0.076085, 0.000001, 0.000000, 67108864000, 0.418983, 0.999642, 0.009334
  noPreload,      131072,     enclave, 134217728,    1000,          1,   no,      1,    0.010000,      0,     10, bitvector, 10843175.964000, 31134489508, 0.000575, 0.000318,     0.000202,   0.000008,   0.000006,   0.000007,      0.000000,   0.080757, 0.000001, 0.000000, 134217728000, 0.351804, 0.999613, 0.007120
  noPreload,      262144,     enclave, 268435456,    1000,          1,   no,      1,    0.010000,      0,     10, bitvector, 21820840.540000, 62655136840, 0.000601, 0.000347,     0.000265,   0.000009,   0.000006,   0.000007,      0.000000,   0.081256, 0.000001, 0.000000, 268435456000, 0.440488, 0.999600, 0.007396
  noPreload,      524288,     enclave, 536870912,    1000,          1,   no,      1,    0.010000,      0,     10, bitvector, 43287986.724000, 124295179284, 0.000577, 0.000327,     0.000244,   0.000008,   0.000005,   0.000006,      0.000000,   0.080599, 0.000001, 0.000000, 536870912000, 0.422426, 0.999616, 0.007153
    preload,           1,     enclave,    1024,    1000,          1,   no,      1,    0.010000,      0,     10, bitvector,    20.153000,     37150, 0.030435, 0.018148,     0.032948,   0.000287,   0.000679,   0.000033,      0.000046,   0.028260, 0.000059, 0.000094, 1024000, 1.082593, 1.435915, 1.076958
    preload,           2,     enclave,    2048,    1000,          1,   no,      1,    0.010000,      0,     10, bitvector,    30.058000,     69188, 0.013928, 0.009030,     0.016487,   0.000151,   0.000273,   0.000003,      0.000019,   0.018796, 0.000030, 0.000044, 2048000, 1.183699, 1.280657, 0.741025
    preload,           4,     enclave,    4096,    1000,          1,   no,      1,    0.010000,      0,     10, bitvector,    52.610000,    133252, 0.006967, 0.004519,     0.008233,   0.000074,   0.000143,   0.000002,      0.000009,   0.014897, 0.000015, 0.000022, 4096000, 1.181777, 1.159799, 0.467657
    preload,           8,     enclave,    8192,    1000,          1,   no,      1,    0.010000,      0,     10, bitvector,   109.388000,    295344, 0.006961, 0.004914,     0.004782,   0.000075,   0.000242,   0.000037,      0.000009,   0.014390, 0.000014, 0.000014, 8192000, 0.687039, 1.077632, 0.483738
    preload,          16,     enclave,   16384,    1000,          1,   no,      1,    0.010000,      0,     10, bitvector,   194.240000,    537256, 0.001737, 0.001127,     0.002059,   0.000021,   0.000039,   0.000001,      0.000002,   0.012372, 0.000004, 0.000005, 16384000, 1.185710, 1.043580, 0.140367
    preload,          32,     enclave,   32768,    1000,          1,   no,      1,    0.010000,      0,     10, bitvector,   373.217000,   1050452, 0.000878, 0.000579,     0.001030,   0.000014,   0.000017,   0.000000,      0.000001,   0.011653, 0.000002, 0.000003, 32768000, 1.172874, 1.023113, 0.075382
    preload,          64,     enclave,   65536,    1000,          1,   no,      1,    0.010000,      0,     10, bitvector,   737.214000,   2093558, 0.000436, 0.000285,     0.000515,   0.000007,   0.000009,   0.000000,      0.000001,   0.011379, 0.000001, 0.000001, 65536000, 1.181369, 1.011598, 0.038304
    preload,         128,     enclave,  131072,    1000,          1,   no,      1,    0.010000,      0,     10, bitvector,  1461.922000,   4167714, 0.000219, 0.000141,     0.000258,   0.000004,   0.000004,   0.000000,      0.000000,   0.011220, 0.000000, 0.000001, 131072000, 1.175588, 1.005958, 0.019526
    preload,         256,     enclave,  262144,    1000,          1,   no,      1,    0.010000,      0,     10, bitvector,  2922.277000,   8347932, 0.000183, 0.000123,     0.000148,   0.000003,   0.000006,   0.000000,      0.000000,   0.011181, 0.000000, 0.000000, 262144000, 0.809411, 1.002980, 0.016394
    preload,         512,     enclave,  524288,    1000,          1,   no,      1,    0.010000,      0,     10, bitvector,  5868.852000,  16780842, 0.000162, 0.000122,     0.000110,   0.000003,   0.000007,   0.000001,      0.000000,   0.011163, 0.000000, 0.000000, 524288000, 0.680518, 0.997254, 0.014540
    preload,        1024,     enclave, 1048576,    1000,          1,   no,      1,    0.010000,      0,     10, bitvector, 12174.261000,  34766366, 0.000141, 0.000108,     0.000093,   0.000002,   0.000003,   0.000001,      0.000000,   0.011612, 0.000000, 0.000000, 1048576000, 0.663697, 1.000116, 0.012121
    preload,        2048,     enclave, 2097152,    1000,          1,   no,      1,    0.010000,      0,     10, bitvector, 73294.388000, 210164800, 0.000168, 0.000097,     0.000067,   0.000003,   0.000003,   0.000000,      0.000000,   0.034956, 0.000000, 0.000000, 2097152000, 0.399477, 1.000187, 0.004811
    preload,        4096,     enclave, 4194304,    1000,          1,   no,      1,    0.010000,      0,     10, bitvector, 147355.280000, 422658242, 0.000161, 0.000088,     0.000054,   0.000003,   0.000002,   0.000000,      0.000000,   0.035065, 0.000000, 0.000000, 4194304000, 0.333614, 0.998075, 0.004597
    preload,        8192,     enclave, 8388608,    1000,          1,   no,      1,    0.010000,      0,     10, bitvector, 298769.609000, 856996022, 0.001053, 0.000984,     0.001708,   0.000024,   0.000002,   0.000015,      0.000000,   0.035615, 0.000000, 0.000000, 8388608000, 1.622086, 0.999967, 0.029568
    preload,       16384,     enclave, 16777216,    1000,          1,   no,      1,    0.010000,      0,     10, bitvector, 600564.251000, 1721809388, 0.000154, 0.000085,     0.000047,   0.000003,   0.000002,   0.000000,      0.000000,   0.035794, 0.000000, 0.000000, 16777216000, 0.304542, 0.999919, 0.004307
    preload,       32768,     enclave, 33554432,    1000,          1,   no,      1,    0.010000,      0,     10, bitvector, 2069932.946000, 5946075506, 0.000393, 0.000189,     0.000076,   0.000005,   0.000003,   0.000003,      0.000000,   0.061658, 0.000001, 0.000000, 33554432000, 0.193956, 0.999494, 0.006366
    preload,       65536,     enclave, 67108864,    1000,          1,   no,      1,    0.010000,      0,     10, bitvector, 4875230.726000, 13998086904, 0.000585, 0.000319,     0.000089,   0.000006,   0.000007,   0.000010,      0.000000,   0.072622, 0.000001, 0.000000, 67108864000, 0.152338, 0.999656, 0.008062
    preload,      131072,     enclave, 134217728,    1000,          1,   no,      1,    0.010000,      0,     10, bitvector, 10849368.548000, 31152155430, 0.000634, 0.000378,     0.000307,   0.000009,   0.000006,   0.000008,      0.000000,   0.080798, 0.000001, 0.000000, 134217728000, 0.484333, 0.999556, 0.007844
    preload,      262144,     enclave, 268435456,    1000,          1,   no,      1,    0.010000,      0,     10, bitvector, 22111667.739000, 63488726072, 0.000602, 0.000346,     0.000256,   0.000009,   0.000006,   0.000007,      0.000000,   0.082339, 0.000001, 0.000000, 268435456000, 0.425393, 0.999599, 0.007311
    preload,      524288,     enclave, 536870912,    1000,          1,   no,      1,    0.010000,      0,     10, bitvector, 44502462.917000, 127779833574, 0.000586, 0.000330,     0.000231,   0.000008,   0.000006,   0.000007,      0.000000,   0.082859, 0.000001, 0.000000, 536870912000, 0.393921, 0.999599, 0.007066
  noPreload,           1,      native,    1024,    1000,          1,   no,      1,    0.010000,      0,     10, bitvector,    38.227000,    106262, 0.127361, 0.017119,     0.195577,   0.000182,   0.000494,   0.000085,      0.000069,   0.045501, 0.000002, 0.000022, 1024000, 1.535609, 1.218851, 2.799090
  noPreload,           2,      native,    2048,    1000,          1,   no,      1,    0.010000,      0,     10, bitvector,    24.501000,     69404, 0.044173, 0.008402,     0.168810,   0.000065,   0.000140,   0.000001,      0.000024,   0.015935, 0.000000, 0.000009, 2048000, 3.821537, 1.331986, 2.772085
  noPreload,           4,      native,    4096,    1000,          1,   no,      1,    0.010000,      0,     10, bitvector,    46.813000,    133206, 0.037827, 0.004171,     0.155419,   0.000040,   0.000068,   0.000002,      0.000013,   0.013401, 0.000000, 0.000004, 4096000, 4.108701, 1.172516, 2.822770
  noPreload,           8,      native,    8192,    1000,          1,   no,      1,    0.010000,      0,     10, bitvector,    91.507000,    261610, 0.034759, 0.002106,     0.148728,   0.000030,   0.000031,   0.000007,      0.000006,   0.012143, 0.000000, 0.000002, 8192000, 4.278869, 1.087064, 2.862487
  noPreload,          16,      native,   16384,    1000,          1,   no,      1,    0.010000,      0,     10, bitvector,   181.426000,    519164, 0.033269, 0.001034,     0.145378,   0.000025,   0.000016,   0.000004,      0.000064,   0.011554, 0.000000, 0.000001, 16384000, 4.369815, 1.043368, 2.879505
  noPreload,          32,      native,   32768,    1000,          1,   no,      1,    0.010000,      0,     10, bitvector,   361.475000,   1035226, 0.032577, 0.000524,     0.143705,   0.000023,   0.000008,   0.000003,      0.000032,   0.011272, 0.000000, 0.000001, 32768000, 4.411243, 1.021838, 2.890015
  noPreload,          64,      native,   65536,    1000,          1,   no,      1,    0.010000,      0,     10, bitvector,   729.526000,   2087636, 0.032574, 0.000260,     0.142868,   0.017848,   0.000004,   0.000004,      0.000016,   0.011252, 0.000000, 0.000000, 65536000, 4.385898, 1.010832, 2.894914
  noPreload,         128,      native,  131072,    1000,          1,   no,      1,    0.010000,      0,     10, bitvector,  1453.657000,   4163032, 0.032309, 0.000130,     0.142450,   0.017801,   0.000002,   0.000005,      0.000008,   0.011151, 0.000000, 0.000000, 131072000, 4.408964, 1.005481, 2.897336
  noPreload,         256,      native,  262144,    1000,          1,   no,      1,    0.010000,      0,     10, bitvector,  2906.232000,   8321194, 0.032302, 0.000143,     0.142269,   0.017782,   0.000009,   0.000005,      0.000004,   0.011118, 0.000000, 0.000000, 262144000, 4.404368, 1.002837, 2.905392
  noPreload,         512,      native,  524288,    1000,          1,   no,      1,    0.010000,      0,     10, bitvector,  5820.246000,  16655168, 0.032232, 0.000070,     0.142156,   0.017767,   0.000003,   0.000005,      0.000002,   0.011118, 0.000000, 0.000000, 524288000, 4.410435, 1.001530, 2.898995
  noPreload,        1024,      native, 1048576,    1000,          1,   no,      1,    0.010000,      0,     10, bitvector, 16303.568000,  46655502, 0.045052, 0.000116,     0.142160,   0.017760,   0.000004,   0.000007,      0.000001,   0.015543, 0.000000, 0.000000, 1048576000, 3.155479, 0.999666, 2.898512
  noPreload,        2048,      native, 2097152,    1000,          1,   no,      1,    0.010000,      0,     10, bitvector, 72751.007000, 208594286, 0.100614, 0.000080,     0.142109,   0.017758,   0.000002,   0.000012,      0.000001,   0.034696, 0.000000, 0.000000, 2097152000, 1.412417, 1.000170, 2.899847
  noPreload,        4096,      native, 4194304,    1000,          1,   no,      1,    0.010000,      0,     10, bitvector, 146710.871000, 420753572, 0.101444, 0.000056,     0.142089,   0.017757,   0.000001,   0.000011,      0.000000,   0.034982, 0.000000, 0.000000, 4194304000, 1.400661, 1.000088, 2.899929
  noPreload,        8192,      native, 8388608,    1000,          1,   no,      1,    0.010000,      0,     10, bitvector, 294323.374000, 844039784, 0.101715, 0.000061,     0.142085,   0.017790,   0.000001,   0.000010,      0.000000,   0.035077, 0.000002, 0.000000, 8388608000, 1.396883, 0.999744, 2.899766
  noPreload,       16384,      native, 16777216,    1000,          1,   no,      1,    0.010000,      0,     10, bitvector, 645673.098000, 1851385402, 0.111542, 0.000527,     0.142891,   0.017804,   0.000001,   0.000651,      0.000000,   0.038466, 0.000006, 0.000000, 16777216000, 1.281050, 0.999492, 2.899799
  noPreload,       32768,      native, 33554432,    1000,          1,   no,      1,    0.010000,      0,     10, bitvector, 2094371.190000, 6013750088, 0.180928, 0.000236,     0.142110,   0.017795,   0.000004,   0.005922,      0.000000,   0.062393, 0.000007, 0.000000, 33554432000, 0.785452, 0.999611, 2.899813
  noPreload,       65536,      native, 67108864,    1000,          1,   no,      1,    0.010000,      0,     10, bitvector, 5084974.389000, 14599821876, 0.219645, 0.000298,     0.142125,   0.017795,   0.000005,   0.009268,      0.000000,   0.075744, 0.000006, 0.000000, 67108864000, 0.647069, 0.999629, 2.899833
  noPreload,      131072,      native, 134217728,    1000,          1,   no,      1,    0.010000,      0,     10, bitvector, 10818139.804000, 31062097072, 0.233645, 0.000293,     0.142234,   0.017796,   0.000004,   0.011207,      0.000000,   0.080572, 0.000006, 0.000000, 134217728000, 0.608761, 0.999629, 2.899841
  noPreload,      262144,      native, 268435456,    1000,          1,   no,      1,    0.010000,      0,     10, bitvector, 21785451.938000, 62553384606, 0.235255, 0.000305,     0.142291,   0.017797,   0.000004,   0.011776,      0.000000,   0.081127, 0.000006, 0.000000, 268435456000, 0.604837, 0.999626, 2.899847
  noPreload,      524288,      native, 536870912,    1000,          1,   no,      1,    0.010000,      0,     10, bitvector, 43170208.149000, 123956258534, 0.233090, 0.000285,     0.142271,   0.017796,   0.000004,   0.012049,      0.000000,   0.080380, 0.000006, 0.000000, 536870912000, 0.610369, 0.999620, 2.899840
  noPreload,           1,     enclave,    1024,    1000,          1,   no,      1,    0.010000,      0,     10, bitvector,    53.296000,     93026, 0.054443, 0.018701,     0.032956,   0.000295,   0.001306,   0.000680,      0.000078,   0.060686, 0.000060, 0.000106, 1024000, 0.605327, 1.165979, 0.897139
  noPreload,           2,     enclave,    2048,    1000,          1,   no,      1,    0.010000,      0,     10, bitvector,    30.446000,     69440, 0.014106, 0.008808,     0.016467,   0.000141,   0.000375,   0.000007,      0.000023,   0.019152, 0.000027, 0.000042, 2048000, 1.167324, 1.288314, 0.736539
  noPreload,           4,     enclave,    4096,    1000,          1,   no,      1,    0.010000,      0,     10, bitvector,    52.660000,    133468, 0.006937, 0.004505,     0.008239,   0.000075,   0.000178,   0.000005,      0.000010,   0.014935, 0.000015, 0.000020, 4096000, 1.187647, 1.161698, 0.464487
  noPreload,           8,     enclave,    8192,    1000,          1,   no,      1,    0.010000,      0,     10, bitvector,   109.864000,    297846, 0.007003, 0.005012,     0.004799,   0.000075,   0.000262,   0.000054,      0.000008,   0.014445, 0.000012, 0.000013, 8192000, 0.685311, 1.077114, 0.484814
  noPreload,          16,     enclave,   16384,    1000,          1,   no,      1,    0.010000,      0,     10, bitvector,   194.431000,    539212, 0.001726, 0.001107,     0.002062,   0.000021,   0.000043,   0.000001,      0.000002,   0.012380, 0.000003, 0.000005, 16384000, 1.194173, 1.043254, 0.139439
  noPreload,          32,     enclave,   32768,    1000,          1,   no,      1,    0.010000,      0,     10, bitvector,   373.375000,   1051656, 0.000857, 0.000561,     0.001030,   0.000014,   0.000023,   0.000000,      0.000001,   0.011654, 0.000002, 0.000003, 32768000, 1.202629, 1.022747, 0.073523
  noPreload,          64,     enclave,   65536,    1000,          1,   no,      1,    0.010000,      0,     10, bitvector,   739.580000,   2099530, 0.000429, 0.000283,     0.000515,   0.000007,   0.000011,   0.000000,      0.000001,   0.011415, 0.000001, 0.000001, 65536000, 1.200847, 1.011505, 0.037557
  noPreload,         128,     enclave,  131072,    1000,          1,   no,      1,    0.010000,      0,     10, bitvector,  1462.404000,   4169908, 0.000217, 0.000141,     0.000257,   0.000004,   0.000006,   0.000000,      0.000000,   0.011222, 0.000000, 0.000001, 131072000, 1.187610, 1.005834, 0.019314
  noPreload,         256,     enclave,  262144,    1000,          1,   no,      1,    0.010000,      0,     10, bitvector,  2926.489000,   8360414, 0.000176, 0.000118,     0.000149,   0.000003,   0.000007,   0.000000,      0.000000,   0.011197, 0.000000, 0.000000, 262144000, 0.843981, 1.002946, 0.015727
  noPreload,         512,     enclave,  524288,    1000,          1,   no,      1,    0.010000,      0,     10, bitvector,  5851.235000,  16721160, 0.000185, 0.000145,     0.000162,   0.000003,   0.000005,   0.000001,      0.000000,   0.011178, 0.000000, 0.000000, 524288000, 0.876162, 1.001576, 0.016564
  noPreload,        1024,     enclave, 1048576,    1000,          1,   no,      1,    0.010000,      0,     10, bitvector, 16299.463000,  46621416, 0.000156, 0.000114,     0.000106,   0.000002,   0.000004,   0.000001,      0.000000,   0.015543, 0.000000, 0.000000, 1048576000, 0.679178, 0.999937, 0.010014
  noPreload,        2048,     enclave, 2097152,    1000,          1,   no,      1,    0.010000,      0,     10, bitvector, 72812.786000, 208767368, 0.000180, 0.000095,     0.000064,   0.000003,   0.000003,   0.000000,      0.000000,   0.034726, 0.000000, 0.000000, 2097152000, 0.355165, 1.000180, 0.005188
  noPreload,        4096,     enclave, 4194304,    1000,          1,   no,      1,    0.010000,      0,     10, bitvector, 146949.714000, 421427158, 0.000162, 0.000082,     0.000052,   0.000003,   0.000002,   0.000000,      0.000000,   0.035039, 0.000000, 0.000000, 4194304000, 0.319838, 1.000097, 0.004624
  noPreload,        8192,     enclave, 8388608,    1000,          1,   no,      1,    0.010000,      0,     10, bitvector, 295278.878000, 846779864, 0.000161, 0.000083,     0.000049,   0.000003,   0.000002,   0.000000,      0.000000,   0.035162, 0.000000, 0.000000, 8388608000, 0.303795, 0.998911, 0.004574
  noPreload,       16384,     enclave, 16777216,    1000,          1,   no,      1,    0.010000,      0,     10, bitvector, 643686.292000, 1845743532, 0.000199, 0.000110,     0.000050,   0.000003,   0.000002,   0.000001,      0.000000,   0.038365, 0.000000, 0.000000, 16777216000, 0.249228, 0.999956, 0.005200
  noPreload,       32768,     enclave, 33554432,    1000,          1,   no,      1,    0.010000,      0,     10, bitvector, 2113152.094000, 6067681630, 0.000605, 0.000344,     0.000078,   0.000005,   0.000006,   0.000011,      0.000000,   0.062954, 0.000001, 0.000000, 33554432000, 0.128545, 0.999637, 0.009614
  noPreload,       65536,     enclave, 67108864,    1000,          1,   no,      1,    0.010000,      0,     10, bitvector, 5102522.765000, 14650294134, 0.000710, 0.000439,     0.000298,   0.000009,   0.000007,   0.000012,      0.000000,   0.076003, 0.000001, 0.000000, 67108864000, 0.419734, 0.999593, 0.009338
  noPreload,      131072,     enclave, 134217728,    1000,          1,   no,      1,    0.010000,      0,     10, bitvector, 10837406.908000, 31117714152, 0.000575, 0.000320,     0.000202,   0.000008,   0.000006,   0.000007,      0.000000,   0.080716, 0.000001, 0.000000, 134217728000, 0.351480, 0.999637, 0.007129
  noPreload,      262144,     enclave, 268435456,    1000,          1,   no,      1,    0.010000,      0,     10, bitvector, 21821344.663000, 62655836262, 0.000604, 0.000351,     0.000265,   0.000009,   0.000006,   0.000007,      0.000000,   0.081257, 0.000001, 0.000000, 268435456000, 0.438279, 0.999585, 0.007436
  noPreload,      524288,     enclave, 536870912,    1000,          1,   no,      1,    0.010000,      0,     10, bitvector, 43240963.835000, 124158763630, 0.000586, 0.000335,     0.000244,   0.000008,   0.000005,   0.000006,      0.000000,   0.080513, 0.000001, 0.000000, 536870912000, 0.416240, 0.999627, 0.007272
    preload,           1,     enclave,    1024,    1000,          1,   no,      1,    0.010000,      0,     10, bitvector,    37.703000,     88816, 0.028892, 0.017980,     0.032956,   0.000299,   0.000696,   0.000009,      0.000041,   0.045102, 0.000057, 0.000083, 1024000, 1.140679, 1.224942, 0.640590
    preload,           2,     enclave,    2048,    1000,          1,   no,      1,    0.010000,      0,     10, bitvector,    30.065000,     69194, 0.013699, 0.008834,     0.016478,   0.000139,   0.000283,   0.000001,      0.000020,   0.018861, 0.000029, 0.000041, 2048000, 1.202887, 1.284816, 0.726287
    preload,           4,     enclave,    4096,    1000,          1,   no,      1,    0.010000,      0,     10, bitvector,    52.859000,    133288, 0.006849, 0.004455,     0.008238,   0.000072,   0.000136,   0.000000,      0.000009,   0.014950, 0.000014, 0.000020, 4096000, 1.202709, 1.158497, 0.458138
    preload,           8,     enclave,    8192,    1000,          1,   no,      1,    0.010000,      0,     10, bitvector,    97.580000,    261286, 0.003413, 0.002211,     0.004119,   0.000038,   0.000070,   0.000001,      0.000004,   0.012934, 0.000007, 0.000010, 8192000, 1.206846, 1.085858, 0.263859
    preload,          16,     enclave,   16384,    1000,          1,   no,      1,    0.010000,      0,     10, bitvector,   193.818000,    537560, 0.001703, 0.001107,     0.002060,   0.000021,   0.000035,   0.000000,      0.000002,   0.012347, 0.000004, 0.000005, 16384000, 1.209266, 1.043690, 0.137958
    preload,          32,     enclave,   32768,    1000,          1,   no,      1,    0.010000,      0,     10, bitvector,   372.690000,   1050436, 0.000861, 0.000560,     0.001030,   0.000014,   0.000017,   0.000000,      0.000001,   0.011631, 0.000002, 0.000003, 32768000, 1.196329, 1.022643, 0.074038
    preload,          64,     enclave,   65536,    1000,          1,   no,      1,    0.010000,      0,     10, bitvector,   737.744000,   2093868, 0.000432, 0.000279,     0.000515,   0.000008,   0.000009,   0.000000,      0.000001,   0.011386, 0.000001, 0.000001, 65536000, 1.191609, 1.011482, 0.037977
    preload,         128,     enclave,  131072,    1000,          1,   no,      1,    0.010000,      0,     10, bitvector,  1462.721000,   4168160, 0.000216, 0.000140,     0.000258,   0.000004,   0.000005,   0.000000,      0.000000,   0.011225, 0.000000, 0.000001, 131072000, 1.193114, 1.005847, 0.019228
    preload,         256,     enclave,  262144,    1000,          1,   no,      1,    0.010000,      0,     10, bitvector,  2922.388000,   8346348, 0.000178, 0.000119,     0.000149,   0.000003,   0.000006,   0.000000,      0.000000,   0.011181, 0.000000, 0.000000, 262144000, 0.835216, 1.002963, 0.015915
    preload,         512,     enclave,  524288,    1000,          1,   no,      1,    0.010000,      0,     10, bitvector,  5822.574000,  16645540, 0.000084, 0.000054,     0.000073,   0.000002,   0.000003,   0.000000,      0.000000,   0.011123, 0.000000, 0.000000, 524288000, 0.875057, 1.001555, 0.007510
    preload,        1024,     enclave, 1048576,    1000,          1,   no,      1,    0.010000,      0,     10, bitvector, 11758.672000,  33571816, 0.000142, 0.000107,     0.000086,   0.000002,   0.000004,   0.000001,      0.000000,   0.011191, 0.000000, 0.000000, 1048576000, 0.611145, 0.997985, 0.012644
    preload,        2048,     enclave, 2097152,    1000,          1,   no,      1,    0.010000,      0,     10, bitvector, 73787.753000, 211528946, 0.000210, 0.000123,     0.000075,   0.000004,   0.000005,   0.000000,      0.000000,   0.035039, 0.000001, 0.000000, 2097152000, 0.355821, 0.995856, 0.006004
    preload,        4096,     enclave, 4194304,    1000,          1,   no,      1,    0.010000,      0,     10, bitvector, 147134.756000, 422023138, 0.000165, 0.000092,     0.000057,   0.000003,   0.000003,   0.000000,      0.000000,   0.035065, 0.000000, 0.000000, 4194304000, 0.346778, 0.999578, 0.004699
    preload,        8192,     enclave, 8388608,    1000,          1,   no,      1,    0.010000,      0,     10, bitvector, 298407.383000, 856043376, 0.001050, 0.000980,     0.001707,   0.000024,   0.000002,   0.000015,      0.000000,   0.035574, 0.000000, 0.000000, 8388608000, 1.626674, 1.000043, 0.029506
    preload,       16384,     enclave, 16777216,    1000,          1,   no,      1,    0.010000,      0,     10, bitvector, 593983.848000, 1703335982, 0.000168, 0.000085,     0.000046,   0.000003,   0.000002,   0.000000,      0.000000,   0.035387, 0.000000, 0.000000, 16777216000, 0.272295, 0.999526, 0.004754
    preload,       32768,     enclave, 33554432,    1000,          1,   no,      1,    0.010000,      0,     10, bitvector, 2027602.531000, 5823389502, 0.000408, 0.000198,     0.000076,   0.000005,   0.000003,   0.000004,      0.000000,   0.060402, 0.000001, 0.000000, 33554432000, 0.185602, 0.999590, 0.006747
    preload,       65536,     enclave, 67108864,    1000,          1,   no,      1,    0.010000,      0,     10, bitvector, 4844625.554000, 13909286804, 0.000587, 0.000327,     0.000089,   0.000006,   0.000007,   0.000010,      0.000000,   0.072166, 0.000001, 0.000000, 67108864000, 0.150876, 0.999654, 0.008140
    preload,      131072,     enclave, 134217728,    1000,          1,   no,      1,    0.010000,      0,     10, bitvector, 10913689.926000, 31335843586, 0.000634, 0.000380,     0.000307,   0.000009,   0.000006,   0.000008,      0.000000,   0.081281, 0.000001, 0.000000, 134217728000, 0.484362, 0.999597, 0.007803
    preload,      262144,     enclave, 268435456,    1000,          1,   no,      1,    0.010000,      0,     10, bitvector, 21924755.217000, 62951377588, 0.000599, 0.000345,     0.000255,   0.000008,   0.000006,   0.000007,      0.000000,   0.081644, 0.000001, 0.000000, 268435456000, 0.425519, 0.999613, 0.007339
    preload,      524288,     enclave, 536870912,    1000,          1,   no,      1,    0.010000,      0,     10, bitvector, 43919410.300000, 126106285382, 0.000587, 0.000334,     0.000230,   0.000008,   0.000006,   0.000007,      0.000000,   0.081774, 0.000001, 0.000000, 536870912000, 0.390825, 0.999602, 0.007184
  noPreload,           1,      native,    1024,    1000,          1,   no,      1,    0.010000,      0,     10, bitvector,    40.168000,    110856, 0.132882, 0.017196,     0.195563,   0.000176,   0.000494,   0.000084,      0.000070,   0.047426, 0.000002, 0.000022, 1024000, 1.471710, 1.209022, 2.801890
  noPreload,           2,      native,    2048,    1000,          1,   no,      1,    0.010000,      0,     10, bitvector,    24.439000,     69384, 0.044011, 0.008539,     0.168810,   0.000067,   0.000123,   0.000004,      0.000024,   0.015984, 0.000000, 0.000014, 2048000, 3.835656, 1.339457, 2.753444
  noPreload,           4,      native,    4096,    1000,          1,   no,      1,    0.010000,      0,     10, bitvector,    46.624000,    132888, 0.037708, 0.004185,     0.155419,   0.000043,   0.000072,   0.000001,      0.000011,   0.013319, 0.000000, 0.000007, 4096000, 4.121709, 1.170063, 2.831192
  noPreload,           8,      native,    8192,    1000,          1,   no,      1,    0.010000,      0,     10, bitvector,    91.788000,    262218, 0.034827, 0.002073,     0.148724,   0.000030,   0.000025,   0.000007,      0.000005,   0.012177, 0.000000, 0.000003, 8192000, 4.270436, 1.086820, 2.859940
  noPreload,          16,      native,   16384,    1000,          1,   no,      1,    0.010000,      0,     10, bitvector,   181.470000,    519024, 0.033284, 0.001048,     0.145380,   0.000025,   0.000013,   0.000004,      0.000065,   0.011561, 0.000000, 0.000001, 16384000, 4.367884, 1.043803, 2.878930
  noPreload,          32,      native,   32768,    1000,          1,   no,      1,    0.010000,      0,     10, bitvector,   361.687000,   1034478, 0.032599, 0.000526,     0.143704,   0.000023,   0.000006,   0.000004,      0.000032,   0.011281, 0.000000, 0.000001, 32768000, 4.408233, 1.022052, 2.889670
  noPreload,          64,      native,   65536,    1000,          1,   no,      1,    0.010000,      0,     10, bitvector,   729.069000,   2087726, 0.032552, 0.000258,     0.142868,   0.017848,   0.000003,   0.000004,      0.000016,   0.011246, 0.000000, 0.000000, 65536000, 4.388883, 1.010926, 2.894499
  noPreload,         128,      native,  131072,    1000,          1,   no,      1,    0.010000,      0,     10, bitvector,  1454.702000,   4162860, 0.032333, 0.000132,     0.142450,   0.017800,   0.000002,   0.000005,      0.000008,   0.011159, 0.000000, 0.000000, 131072000, 4.405639, 1.005493, 2.897406
  noPreload,         256,      native,  262144,    1000,          1,   no,      1,    0.010000,      0,     10, bitvector,  2905.622000,   8315844, 0.032217, 0.000065,     0.142240,   0.017775,   0.000001,   0.000005,      0.000004,   0.011115, 0.000000, 0.000000, 262144000, 4.415062, 1.002761, 2.898609
  noPreload,         512,      native,  524288,    1000,          1,   no,      1,    0.010000,      0,     10, bitvector,  5817.980000,  16652890, 0.032219, 0.000074,     0.142156,   0.017764,   0.000004,   0.000005,      0.000002,   0.011113, 0.000000, 0.000000, 524288000, 4.412144, 1.001456, 2.899216
  noPreload,        1024,      native, 1048576,    1000,          1,   no,      1,    0.010000,      0,     10, bitvector, 17207.165000,  49241720, 0.047546, 0.000112,     0.142160,   0.017760,   0.000004,   0.000008,      0.000001,   0.016402, 0.000000, 0.000000, 1048576000, 2.989953, 0.999510, 2.898794
  noPreload,        2048,      native, 2097152,    1000,          1,   no,      1,    0.010000,      0,     10, bitvector, 72233.362000, 207099460, 0.099898, 0.000080,     0.142110,   0.017757,   0.000002,   0.000012,      0.000001,   0.034450, 0.000000, 0.000000, 2097152000, 1.422554, 1.000175, 2.899824
  noPreload,        4096,      native, 4194304,    1000,          1,   no,      1,    0.010000,      0,     10, bitvector, 147016.365000, 421621290, 0.101452, 0.000061,     0.142091,   0.017757,   0.000002,   0.000011,      0.000000,   0.034986, 0.000000, 0.000000, 4194304000, 1.400578, 0.998140, 2.899757
  noPreload,        8192,      native, 8388608,    1000,          1,   no,      1,    0.010000,      0,     10, bitvector, 295217.114000, 846584498, 0.102052, 0.000062,     0.142082,   0.017789,   0.000001,   0.000031,      0.000000,   0.035192, 0.000002, 0.000000, 8388608000, 1.392246, 0.999970, 2.899908
  noPreload,       16384,      native, 16777216,    1000,          1,   no,      1,    0.010000,      0,     10, bitvector, 657056.870000, 1884088206, 0.113513, 0.000550,     0.142892,   0.017804,   0.000001,   0.000798,      0.000000,   0.039145, 0.000006, 0.000000, 16777216000, 1.258814, 0.999526, 2.899810
  noPreload,       32768,      native, 33554432,    1000,          1,   no,      1,    0.010000,      0,     10, bitvector, 2097646.715000, 6022947382, 0.181204, 0.000239,     0.142110,   0.017794,   0.000004,   0.005801,      0.000000,   0.062489, 0.000007, 0.000000, 33554432000, 0.784256, 0.999583, 2.899783
  noPreload,       65536,      native, 67108864,    1000,          1,   no,      1,    0.010000,      0,     10, bitvector, 5090396.763000, 14615432756, 0.219877, 0.000282,     0.142125,   0.017795,   0.000005,   0.009253,      0.000000,   0.075824, 0.000006, 0.000000, 67108864000, 0.646383, 0.999622, 2.899833
  noPreload,      131072,      native, 134217728,    1000,          1,   no,      1,    0.010000,      0,     10, bitvector, 10812262.035000, 31046094850, 0.233513, 0.000288,     0.142234,   0.017796,   0.000004,   0.011215,      0.000000,   0.080527, 0.000006, 0.000000, 134217728000, 0.609106, 0.999614, 2.899830
  noPreload,      262144,      native, 268435456,    1000,          1,   no,      1,    0.010000,      0,     10, bitvector, 21782370.721000, 62544717322, 0.235222, 0.000307,     0.142291,   0.017797,   0.000004,   0.011777,      0.000000,   0.081116, 0.000006, 0.000000, 268435456000, 0.604922, 0.999630, 2.899841
  noPreload,      524288,      native, 536870912,    1000,          1,   no,      1,    0.010000,      0,     10, bitvector, 43192902.839000, 124019665052, 0.233210, 0.000297,     0.142272,   0.017797,   0.000004,   0.012042,      0.000000,   0.080422, 0.000006, 0.000000, 536870912000, 0.610058, 0.999609, 2.899841
  noPreload,           1,     enclave,    1024,    1000,          1,   no,      1,    0.010000,      0,     10, bitvector,    51.033000,     87808, 0.055022, 0.019597,     0.032961,   0.000321,   0.001182,   0.000640,      0.000087,   0.058639, 0.000059, 0.000111, 1024000, 0.599045, 1.176611, 0.938331
  noPreload,           2,     enclave,    2048,    1000,          1,   no,      1,    0.010000,      0,     10, bitvector,    30.700000,     71336, 0.013725, 0.008873,     0.016481,   0.000145,   0.000334,   0.000005,      0.000023,   0.019088, 0.000029, 0.000046, 2048000, 1.200833, 1.273355, 0.719022
  noPreload,           4,     enclave,    4096,    1000,          1,   no,      1,    0.010000,      0,     10, bitvector,    53.199000,    135310, 0.006799, 0.004461,     0.008233,   0.000079,   0.000152,   0.000006,      0.000009,   0.015026, 0.000014, 0.000020, 4096000, 1.210974, 1.156920, 0.452451
  noPreload,           8,     enclave,    8192,    1000,          1,   no,      1,    0.010000,      0,     10, bitvector,    97.044000,    261740, 0.003402, 0.002234,     0.004116,   0.000038,   0.000075,   0.000000,      0.000005,   0.012864, 0.000007, 0.000010, 8192000, 1.209716, 1.085930, 0.264473
  noPreload,          16,     enclave,   16384,    1000,          1,   no,      1,    0.010000,      0,     10, bitvector,   194.884000,    541256, 0.001711, 0.001121,     0.002060,   0.000022,   0.000037,   0.000001,      0.000002,   0.012417, 0.000004, 0.000005, 16384000, 1.204045, 1.043929, 0.137792
  noPreload,          32,     enclave,   32768,    1000,          1,   no,      1,    0.010000,      0,     10, bitvector,   373.644000,   1052368, 0.001591, 0.000570,     0.001030,   0.000015,   0.000021,   0.000000,      0.000001,   0.011663, 0.000002, 0.000003, 32768000, 0.647474, 1.022848, 0.136378
  noPreload,          64,     enclave,   65536,    1000,          1,   no,      1,    0.010000,      0,     10, bitvector,   738.538000,   2096082, 0.000426, 0.000279,     0.000515,   0.000008,   0.000009,   0.000000,      0.000001,   0.011399, 0.000001, 0.000001, 65536000, 1.207698, 1.011490, 0.037388
  noPreload,         128,     enclave,  131072,    1000,          1,   no,      1,    0.010000,      0,     10, bitvector,  1462.860000,   4170020, 0.000214, 0.000144,     0.000258,   0.000004,   0.000004,   0.000000,      0.000000,   0.011226, 0.000000, 0.000001, 131072000, 1.205678, 1.005878, 0.019032
  noPreload,         256,     enclave,  262144,    1000,          1,   no,      1,    0.010000,      0,     10, bitvector,  2925.006000,   8354498, 0.000196, 0.000134,     0.000158,   0.000003,   0.000008,   0.000001,      0.000000,   0.011191, 0.000000, 0.000000, 262144000, 0.805368, 1.002915, 0.017541
  noPreload,         512,     enclave,  524288,    1000,          1,   no,      1,    0.010000,      0,     10, bitvector,  5827.547000,  16650296, 0.000088, 0.000055,     0.000073,   0.000002,   0.000003,   0.000000,      0.000000,   0.011133, 0.000000, 0.000000, 524288000, 0.828444, 1.001634, 0.007924
  noPreload,        1024,     enclave, 1048576,    1000,          1,   no,      1,    0.010000,      0,     10, bitvector, 17203.440000,  49193906, 0.000199, 0.000153,     0.000139,   0.000003,   0.000004,   0.000001,      0.000000,   0.016404, 0.000000, 0.000000, 1048576000, 0.697528, 0.999842, 0.012131
  noPreload,        2048,     enclave, 2097152,    1000,          1,   no,      1,    0.010000,      0,     10, bitvector, 72454.708000, 207725912, 0.000194, 0.000110,     0.000070,   0.000003,   0.000004,   0.000000,      0.000000,   0.034534, 0.000000, 0.000000, 2097152000, 0.358883, 0.999563, 0.005624
  noPreload,        4096,     enclave, 4194304,    1000,          1,   no,      1,    0.010000,      0,     10, bitvector, 146906.597000, 421295800, 0.000160, 0.000083,     0.000053,   0.000003,   0.000002,   0.000000,      0.000000,   0.035028, 0.000000, 0.000000, 4194304000, 0.329260, 1.000091, 0.004571
  noPreload,        8192,     enclave, 8388608,    1000,          1,   no,      1,    0.010000,      0,     10, bitvector, 294977.432000, 845893548, 0.000159, 0.000085,     0.000049,   0.000003,   0.000002,   0.000000,      0.000000,   0.035160, 0.000000, 0.000000, 8388608000, 0.309568, 0.999886, 0.004515
  noPreload,       16384,     enclave, 16777216,    1000,          1,   no,      1,    0.010000,      0,     10, bitvector, 652580.432000, 1871273462, 0.000202, 0.000114,     0.000049,   0.000003,   0.000002,   0.000001,      0.000000,   0.038878, 0.000000, 0.000000, 16777216000, 0.245084, 0.999521, 0.005194
  noPreload,       32768,     enclave, 33554432,    1000,          1,   no,      1,    0.010000,      0,     10, bitvector, 2120100.731000, 6087892658, 0.000614, 0.000338,     0.000078,   0.000005,   0.000006,   0.000011,      0.000000,   0.063162, 0.000001, 0.000000, 33554432000, 0.126590, 0.999654, 0.009724
  noPreload,       65536,     enclave, 67108864,    1000,          1,   no,      1,    0.010000,      0,     10, bitvector, 5113118.074000, 14681080560, 0.000703, 0.000432,     0.000297,   0.000009,   0.000007,   0.000012,      0.000000,   0.076163, 0.000001, 0.000000, 67108864000, 0.423162, 0.999626, 0.009230
  noPreload,      131072,     enclave, 134217728,    1000,          1,   no,      1,    0.010000,      0,     10, bitvector, 10842917.222000, 31133542992, 0.000578, 0.000320,     0.000203,   0.000008,   0.000006,   0.000007,      0.000000,   0.080753, 0.000001, 0.000000, 134217728000, 0.350505, 0.999597, 0.007160
  noPreload,      262144,     enclave, 268435456,    1000,          1,   no,      1,    0.010000,      0,     10, bitvector, 21825155.742000, 62667034392, 0.000607, 0.000351,     0.000264,   0.000009,   0.000006,   0.000007,      0.000000,   0.081274, 0.000001, 0.000000, 268435456000, 0.436023, 0.999618, 0.007463
  noPreload,      524288,     enclave, 536870912,    1000,          1,   no,      1,    0.010000,      0,     10, bitvector, 43282525.336000, 124278808634, 0.000586, 0.000333,     0.000244,   0.000008,   0.000005,   0.000006,      0.000000,   0.080590, 0.000001, 0.000000, 536870912000, 0.415722, 0.999625, 0.007274
    preload,           1,     enclave,    1024,    1000,          1,   no,      1,    0.010000,      0,     10, bitvector,    39.127000,     92974, 0.028820, 0.018030,     0.032951,   0.000286,   0.000632,   0.000025,      0.000045,   0.046660, 0.000058, 0.000085, 1024000, 1.143332, 1.221152, 0.617664
    preload,           2,     enclave,    2048,    1000,          1,   no,      1,    0.010000,      0,     10, bitvector,    29.954000,     69184, 0.013757, 0.008888,     0.016476,   0.000157,   0.000306,   0.000000,      0.000020,   0.018730, 0.000028, 0.000039, 2048000, 1.197665, 1.280630, 0.734463
    preload,           4,     enclave,    4096,    1000,          1,   no,      1,    0.010000,      0,     10, bitvector,    52.458000,    133222, 0.006851, 0.004427,     0.008237,   0.000071,   0.000144,   0.000000,      0.000009,   0.014860, 0.000014, 0.000020, 4096000, 1.202231, 1.160262, 0.461053
    preload,           8,     enclave,    8192,    1000,          1,   no,      1,    0.010000,      0,     10, bitvector,    97.547000,    261272, 0.003444, 0.002211,     0.004122,   0.000042,   0.000077,   0.000001,      0.000005,   0.012942, 0.000007, 0.000010, 8192000, 1.197086, 1.086840, 0.266096
    preload,          16,     enclave,   16384,    1000,          1,   no,      1,    0.010000,      0,     10, bitvector,   194.070000,    537278, 0.001730, 0.001130,     0.002060,   0.000021,   0.000035,   0.000000,      0.000002,   0.012359, 0.000003, 0.000005, 16384000, 1.190631, 1.043417, 0.139993
    preload,          32,     enclave,   32768,    1000,          1,   no,      1,    0.010000,      0,     10, bitvector,   372.937000,   1050344, 0.000877, 0.000567,     0.001031,   0.000014,   0.000018,   0.000000,      0.000001,   0.011638, 0.000002, 0.000003, 32768000, 1.175251, 1.022604, 0.075350
    preload,          64,     enclave,   65536,    1000,          1,   no,      1,    0.010000,      0,     10, bitvector,   737.252000,   2093624, 0.000432, 0.000278,     0.000515,   0.000008,   0.000009,   0.000000,      0.000001,   0.011378, 0.000001, 0.000001, 65536000, 1.193122, 1.011438, 0.037942
    preload,         128,     enclave,  131072,    1000,          1,   no,      1,    0.010000,      0,     10, bitvector,  1462.195000,   4167690, 0.000213, 0.000141,     0.000258,   0.000004,   0.000004,   0.000000,      0.000000,   0.011223, 0.000000, 0.000001, 131072000, 1.211036, 1.006028, 0.018960
    preload,         256,     enclave,  262144,    1000,          1,   no,      1,    0.010000,      0,     10, bitvector,  2920.394000,   8346366, 0.000174, 0.000115,     0.000148,   0.000003,   0.000006,   0.000000,      0.000000,   0.011173, 0.000000, 0.000000, 262144000, 0.851395, 1.002943, 0.015588
    preload,         512,     enclave,  524288,    1000,          1,   no,      1,    0.010000,      0,     10, bitvector,  5836.025000,  16685354, 0.000111, 0.000072,     0.000083,   0.000002,   0.000004,   0.000000,      0.000000,   0.011148, 0.000000, 0.000000, 524288000, 0.748253, 1.001484, 0.009965
    preload,        1024,     enclave, 1048576,    1000,          1,   no,      1,    0.010000,      0,     10, bitvector, 11707.121000,  33419962, 0.000127, 0.000093,     0.000084,   0.000002,   0.000003,   0.000001,      0.000000,   0.011176, 0.000000, 0.000000, 1048576000, 0.658748, 1.000995, 0.011405
    preload,        2048,     enclave, 2097152,    1000,          1,   no,      1,    0.010000,      0,     10, bitvector, 73493.296000, 210707276, 0.000214, 0.000137,     0.000090,   0.000003,   0.000004,   0.000001,      0.000000,   0.035045, 0.000000, 0.000000, 2097152000, 0.420952, 1.000023, 0.006112
    preload,        4096,     enclave, 4194304,    1000,          1,   no,      1,    0.010000,      0,     10, bitvector, 147030.831000, 421716742, 0.000161, 0.000086,     0.000052,   0.000003,   0.000002,   0.000000,      0.000000,   0.035058, 0.000000, 0.000000, 4194304000, 0.323598, 1.000099, 0.004588
    preload,        8192,     enclave, 8388608,    1000,          1,   no,      1,    0.010000,      0,     10, bitvector, 298787.299000, 857077902, 0.001074, 0.000998,     0.001709,   0.000024,   0.000002,   0.000015,      0.000000,   0.035583, 0.000000, 0.000000, 8388608000, 1.590836, 0.999020, 0.030190
    preload,       16384,     enclave, 16777216,    1000,          1,   no,      1,    0.010000,      0,     10, bitvector, 593574.675000, 1702093034, 0.000151, 0.000079,     0.000046,   0.000003,   0.000002,   0.000000,      0.000000,   0.035378, 0.000000, 0.000000, 16777216000, 0.303494, 0.999954, 0.004257
    preload,       32768,     enclave, 33554432,    1000,          1,   no,      1,    0.010000,      0,     10, bitvector, 1993673.001000, 5725260804, 0.000404, 0.000197,     0.000073,   0.000005,   0.000003,   0.000003,      0.000000,   0.059396, 0.000001, 0.000000, 33554432000, 0.180860, 0.999662, 0.006796
    preload,       65536,     enclave, 67108864,    1000,          1,   no,      1,    0.010000,      0,     10, bitvector, 4856180.738000, 13942860354, 0.000593, 0.000326,     0.000089,   0.000006,   0.000007,   0.000010,      0.000000,   0.072334, 0.000001, 0.000000, 67108864000, 0.150015, 0.999605, 0.008193
    preload,      131072,     enclave, 134217728,    1000,          1,   no,      1,    0.010000,      0,     10, bitvector, 10656340.968000, 30598377684, 0.000631, 0.000378,     0.000305,   0.000009,   0.000006,   0.000008,      0.000000,   0.079365, 0.000001, 0.000000, 134217728000, 0.483782, 0.999615, 0.007947
    preload,      262144,     enclave, 268435456,    1000,          1,   no,      1,    0.010000,      0,     10, bitvector, 21664453.799000, 62204138644, 0.000571, 0.000317,     0.000202,   0.000008,   0.000006,   0.000006,      0.000000,   0.080677, 0.000001, 0.000000, 268435456000, 0.354154, 0.999642, 0.007073
    preload,      524288,     enclave, 536870912,    1000,          1,   no,      1,    0.010000,      0,     10, bitvector, 43647251.220000, 125316625768, 0.000598, 0.000342,     0.000255,   0.000009,   0.000006,   0.000007,      0.000000,   0.081268, 0.000001, 0.000000, 536870912000, 0.425520, 0.999619, 0.007360
  noPreload,           1,      native,    1024,    1000,          1,   no,      1,    0.010000,      0,     10, bitvector,    38.542000,    106700, 0.128243, 0.017137,     0.195602,   0.000179,   0.000468,   0.000088,      0.000069,   0.045839, 0.000002, 0.000023, 1024000, 1.525240, 1.217866, 2.797695
  noPreload,           2,      native,    2048,    1000,          1,   no,      1,    0.010000,      0,     10, bitvector,    24.429000,     69436, 0.044018, 0.008308,     0.168807,   0.000060,   0.000136,   0.000000,      0.000024,   0.015933, 0.000000, 0.000009, 2048000, 3.834951, 1.335748, 2.762680
  noPreload,           4,      native,    4096,    1000,          1,   no,      1,    0.010000,      0,     10, bitvector,    46.744000,    133254, 0.037756, 0.004144,     0.155417,   0.000040,   0.000046,   0.000002,      0.000011,   0.013333, 0.000000, 0.000004, 4096000, 4.116407, 1.168342, 2.831688
  noPreload,           8,      native,    8192,    1000,          1,   no,      1,    0.010000,      0,     10, bitvector,    91.534000,    261504, 0.034730, 0.002135,     0.148722,   0.000031,   0.000028,   0.000005,      0.000005,   0.012155, 0.000000, 0.000002, 8192000, 4.282193, 1.087836, 2.857282
  noPreload,          16,      native,   16384,    1000,          1,   no,      1,    0.010000,      0,     10, bitvector,   181.409000,    519178, 0.033271, 0.001047,     0.145379,   0.000024,   0.000014,   0.000005,      0.000064,   0.011558, 0.000000, 0.000001, 16384000, 4.369517, 1.043835, 2.878708
  noPreload,          32,      native,   32768,    1000,          1,   no,      1,    0.010000,      0,     10, bitvector,   362.068000,   1034520, 0.032630, 0.000522,     0.143706,   0.000023,   0.000007,   0.000003,      0.000032,   0.011291, 0.000000, 0.000001, 32768000, 4.404111, 1.021872, 2.889875
  noPreload,          64,      native,   65536,    1000,          1,   no,      1,    0.010000,      0,     10, bitvector,   729.775000,   2088030, 0.032585, 0.000259,     0.142868,   0.017849,   0.000003,   0.000004,      0.000016,   0.011257, 0.000000, 0.000000, 65536000, 4.384502, 1.010899, 2.894663
  noPreload,         128,      native,  131072,    1000,          1,   no,      1,    0.010000,      0,     10, bitvector,  1453.342000,   4162730, 0.032302, 0.000130,     0.142450,   0.017800,   0.000002,   0.000005,      0.000008,   0.011149, 0.000000, 0.000000, 131072000, 4.409887, 1.005461, 2.897419
  noPreload,         256,      native,  262144,    1000,          1,   no,      1,    0.010000,      0,     10, bitvector,  2905.319000,   8315660, 0.032313, 0.000165,     0.142269,   0.017776,   0.000009,   0.000005,      0.000004,   0.011114, 0.000000, 0.000000, 262144000, 4.402764, 1.002819, 2.907418
  noPreload,         512,      native,  524288,    1000,          1,   no,      1,    0.010000,      0,     10, bitvector,  5814.529000,  16653498, 0.032200, 0.000073,     0.142156,   0.017764,   0.000003,   0.000006,      0.000002,   0.011108, 0.000000, 0.000000, 524288000, 4.414796, 1.001559, 2.898897
  noPreload,        1024,      native, 1048576,    1000,          1,   no,      1,    0.010000,      0,     10, bitvector, 11689.544000,  33406916, 0.032286, 0.000102,     0.142144,   0.017760,   0.000003,   0.000006,      0.000001,   0.011140, 0.000000, 0.000000, 1048576000, 4.402677, 0.999244, 2.898300
  noPreload,        2048,      native, 2097152,    1000,          1,   no,      1,    0.010000,      0,     10, bitvector, 73385.271000, 210407446, 0.101491, 0.000081,     0.142115,   0.017758,   0.000002,   0.000014,      0.000001,   0.034999, 0.000000, 0.000000, 2097152000, 1.400267, 1.000177, 2.899830
  noPreload,        4096,      native, 4194304,    1000,          1,   no,      1,    0.010000,      0,     10, bitvector, 147178.340000, 422095198, 0.101513, 0.000069,     0.142094,   0.017757,   0.000002,   0.000010,      0.000000,   0.035010, 0.000000, 0.000000, 4194304000, 1.399752, 0.997723, 2.899542
  noPreload,        8192,      native, 8388608,    1000,          1,   no,      1,    0.010000,      0,     10, bitvector, 294257.667000, 843817308, 0.101719, 0.000061,     0.142082,   0.017788,   0.000001,   0.000010,      0.000000,   0.035077, 0.000002, 0.000000, 8388608000, 1.396816, 0.999959, 2.899878
  noPreload,       16384,      native, 16777216,    1000,          1,   no,      1,    0.010000,      0,     10, bitvector, 647410.998000, 1856451160, 0.111854, 0.000566,     0.142892,   0.017802,   0.000001,   0.000668,      0.000000,   0.038572, 0.000006, 0.000000, 16777216000, 1.277486, 0.999579, 2.899844
  noPreload,       32768,      native, 33554432,    1000,          1,   no,      1,    0.010000,      0,     10, bitvector, 2083740.489000, 5982634704, 0.180014, 0.000265,     0.142110,   0.017794,   0.000004,   0.006022,      0.000000,   0.062078, 0.000007, 0.000000, 33554432000, 0.789438, 0.999636, 2.899823
  noPreload,       65536,      native, 67108864,    1000,          1,   no,      1,    0.010000,      0,     10, bitvector, 5077383.302000, 14578068726, 0.219306, 0.000289,     0.142125,   0.017794,   0.000005,   0.009260,      0.000000,   0.075628, 0.000006, 0.000000, 67108864000, 0.648067, 0.999588, 2.899807
  noPreload,      131072,      native, 134217728,    1000,          1,   no,      1,    0.010000,      0,     10, bitvector, 10811055.848000, 31042261436, 0.233485, 0.000287,     0.142235,   0.017796,   0.000004,   0.011216,      0.000000,   0.080517, 0.000006, 0.000000, 134217728000, 0.609182, 0.999606, 2.899819
  noPreload,      262144,      native, 268435456,    1000,          1,   no,      1,    0.010000,      0,     10, bitvector, 21793562.761000, 62576977304, 0.235344, 0.000305,     0.142291,   0.017797,   0.000004,   0.011798,      0.000000,   0.081158, 0.000006, 0.000000, 268435456000, 0.604609, 0.999633, 2.899845
  noPreload,      524288,      native, 536870912,    1000,          1,   no,      1,    0.010000,      0,     10, bitvector, 43228037.496000, 124120992860, 0.233398, 0.000291,     0.142271,   0.017797,   0.000004,   0.012041,      0.000000,   0.080487, 0.000006, 0.000000, 536870912000, 0.609564, 0.999604, 2.899839
  noPreload,           1,     enclave,    1024,    1000,          1,   no,      1,    0.010000,      0,     10, bitvector,    52.679000,     89808, 0.055578, 0.019599,     0.032985,   0.000303,   0.001255,   0.000645,      0.000085,   0.060240, 0.000058, 0.000102, 1024000, 0.593495, 1.170979, 0.922608
  noPreload,           2,     enclave,    2048,    1000,          1,   no,      1,    0.010000,      0,     10, bitvector,    30.064000,     69470, 0.013657, 0.008856,     0.016487,   0.000149,   0.000320,   0.000003,      0.000021,   0.018818, 0.000029, 0.000040, 2048000, 1.207229, 1.281899, 0.725732
  noPreload,           4,     enclave,    4096,    1000,          1,   no,      1,    0.010000,      0,     10, bitvector,    52.296000,    133490, 0.006805, 0.004505,     0.008237,   0.000076,   0.000155,   0.000003,      0.000010,   0.014844, 0.000014, 0.000022, 4096000, 1.210411, 1.162594, 0.458461
  noPreload,           8,     enclave,    8192,    1000,          1,   no,      1,    0.010000,      0,     10, bitvector,    96.963000,    261800, 0.003348, 0.002216,     0.004117,   0.000040,   0.000073,   0.000000,      0.000005,   0.012861, 0.000008, 0.000010, 8192000, 1.229807, 1.086579, 0.260284
  noPreload,          16,     enclave,   16384,    1000,          1,   no,      1,    0.010000,      0,     10, bitvector,   193.869000,    539202, 0.001684, 0.001113,     0.002062,   0.000022,   0.000037,   0.000001,      0.000002,   0.012353, 0.000004, 0.000005, 16384000, 1.224595, 1.043999, 0.136280
  noPreload,          32,     enclave,   32768,    1000,          1,   no,      1,    0.010000,      0,     10, bitvector,   373.107000,   1052376, 0.000851, 0.000562,     0.001030,   0.000014,   0.000019,   0.000000,      0.000001,   0.011646, 0.000002, 0.000003, 32768000, 1.211121, 1.022822, 0.073043
  noPreload,          64,     enclave,   65536,    1000,          1,   no,      1,    0.010000,      0,     10, bitvector,   737.491000,   2094212, 0.000431, 0.000281,     0.000515,   0.000008,   0.000011,   0.000000,      0.000001,   0.011383, 0.000001, 0.000001, 65536000, 1.195235, 1.011490, 0.037868
  noPreload,         128,     enclave,  131072,    1000,          1,   no,      1,    0.010000,      0,     10, bitvector,  1463.347000,   4169220, 0.000213, 0.000140,     0.000257,   0.000004,   0.000005,   0.000000,      0.000000,   0.011229, 0.000000, 0.000001, 131072000, 1.210221, 1.005822, 0.018945
  noPreload,         256,     enclave,  262144,    1000,          1,   no,      1,    0.010000,      0,     10, bitvector,  2922.865000,   8350308, 0.000178, 0.000116,     0.000150,   0.000003,   0.000007,   0.000001,      0.000000,   0.011183, 0.000000, 0.000000, 262144000, 0.841133, 1.002933, 0.015905
  noPreload,         512,     enclave,  524288,    1000,          1,   no,      1,    0.010000,      0,     10, bitvector,  5822.505000,  16648700, 0.000087, 0.000056,     0.000075,   0.000002,   0.000003,   0.000000,      0.000000,   0.011122, 0.000000, 0.000000, 524288000, 0.860179, 1.001523, 0.007811
  noPreload,        1024,     enclave, 1048576,    1000,          1,   no,      1,    0.010000,      0,     10, bitvector, 11745.518000,  33541636, 0.000153, 0.000118,     0.000093,   0.000002,   0.000003,   0.000001,      0.000000,   0.011196, 0.000000, 0.000000, 1048576000, 0.609605, 0.999530, 0.013641
  noPreload,        2048,     enclave, 2097152,    1000,          1,   no,      1,    0.010000,      0,     10, bitvector, 73503.781000, 210710662, 0.000215, 0.000132,     0.000084,   0.000003,   0.000004,   0.000000,      0.000000,   0.035055, 0.000000, 0.000000, 2097152000, 0.391868, 1.000172, 0.006121
  noPreload,        4096,     enclave, 4194304,    1000,          1,   no,      1,    0.010000,      0,     10, bitvector, 147067.042000, 421770074, 0.000162, 0.000092,     0.000058,   0.000003,   0.000003,   0.000000,      0.000000,   0.035046, 0.000000, 0.000000, 4194304000, 0.354465, 0.999502, 0.004634
  noPreload,        8192,     enclave, 8388608,    1000,          1,   no,      1,    0.010000,      0,     10, bitvector, 294433.442000, 844381890, 0.000144, 0.000077,     0.000047,   0.000003,   0.000002,   0.000000,      0.000000,   0.035099, 0.000000, 0.000000, 8388608000, 0.322989, 0.999993, 0.004116
  noPreload,       16384,     enclave, 16777216,    1000,          1,   no,      1,    0.010000,      0,     10, bitvector, 657634.114000, 1886035766, 0.000227, 0.000124,     0.000050,   0.000003,   0.000003,   0.000002,      0.000000,   0.039179, 0.000000, 0.000000, 16777216000, 0.221870, 0.999510, 0.005797
  noPreload,       32768,     enclave, 33554432,    1000,          1,   no,      1,    0.010000,      0,     10, bitvector, 2097437.438000, 6021753520, 0.000612, 0.000340,     0.000078,   0.000005,   0.000006,   0.000011,      0.000000,   0.062484, 0.000001, 0.000000, 33554432000, 0.127752, 0.999608, 0.009796
  noPreload,       65536,     enclave, 67108864,    1000,          1,   no,      1,    0.010000,      0,     10, bitvector, 5098083.798000, 14637867840, 0.000710, 0.000439,     0.000297,   0.000009,   0.000007,   0.000012,      0.000000,   0.075937, 0.000001, 0.000000, 67108864000, 0.418888, 0.999604, 0.009346
  noPreload,      131072,     enclave, 134217728,    1000,          1,   no,      1,    0.010000,      0,     10, bitvector, 10840760.015000, 31127588282, 0.000573, 0.000317,     0.000203,   0.000008,   0.000006,   0.000007,      0.000000,   0.080738, 0.000001, 0.000000, 134217728000, 0.353575, 0.999601, 0.007096
  noPreload,      262144,     enclave, 268435456,    1000,          1,   no,      1,    0.010000,      0,     10, bitvector, 21827239.428000, 62672802024, 0.000600, 0.000346,     0.000264,   0.000009,   0.000006,   0.000007,      0.000000,   0.081281, 0.000001, 0.000000, 268435456000, 0.440336, 0.999605, 0.007386
  noPreload,      524288,     enclave, 536870912,    1000,          1,   no,      1,    0.010000,      0,     10, bitvector, 43290508.493000, 124301162482, 0.000575, 0.000324,     0.000244,   0.000008,   0.000005,   0.000006,      0.000000,   0.080603, 0.000001, 0.000000, 536870912000, 0.424087, 0.999603, 0.007130
    preload,           1,     enclave,    1024,    1000,          1,   no,      1,    0.010000,      0,     10, bitvector,    20.028000,     37258, 0.030414, 0.018280,     0.032921,   0.000295,   0.000629,   0.000027,      0.000047,   0.028239, 0.000056, 0.000082, 1024000, 1.082424, 1.443829, 1.077014
    preload,           2,     enclave,    2048,    1000,          1,   no,      1,    0.010000,      0,     10, bitvector,    29.967000,     69252, 0.013691, 0.008952,     0.016480,   0.000142,   0.000252,   0.000003,      0.000021,   0.018773, 0.000028, 0.000042, 2048000, 1.203752, 1.282978, 0.729290
    preload,           4,     enclave,    4096,    1000,          1,   no,      1,    0.010000,      0,     10, bitvector,    52.561000,    133284, 0.006799, 0.004521,     0.008237,   0.000070,   0.000136,   0.000002,      0.000009,   0.014940, 0.000014, 0.000020, 4096000, 1.211418, 1.164266, 0.455103
    preload,           8,     enclave,    8192,    1000,          1,   no,      1,    0.010000,      0,     10, bitvector,    97.020000,    261280, 0.003399, 0.002226,     0.004120,   0.000039,   0.000066,   0.000000,      0.000005,   0.012861, 0.000007, 0.000010, 8192000, 1.212003, 1.085900, 0.264290
    preload,          16,     enclave,   16384,    1000,          1,   no,      1,    0.010000,      0,     10, bitvector,   193.732000,    537462, 0.001713, 0.001128,     0.002059,   0.000023,   0.000032,   0.000000,      0.000002,   0.012341, 0.000003, 0.000005, 16384000, 1.201475, 1.043643, 0.138847
    preload,          32,     enclave,   32768,    1000,          1,   no,      1,    0.010000,      0,     10, bitvector,   372.844000,   1050458, 0.000865, 0.000565,     0.001030,   0.000014,   0.000015,   0.000001,      0.000001,   0.011636, 0.000002, 0.000003, 32768000, 1.190656, 1.022666, 0.074323
    preload,          64,     enclave,   65536,    1000,          1,   no,      1,    0.010000,      0,     10, bitvector,   737.270000,   2093846, 0.000432, 0.000283,     0.000515,   0.000008,   0.000008,   0.000000,      0.000001,   0.011379, 0.000001, 0.000001, 65536000, 1.192857, 1.011514, 0.037956
    preload,         128,     enclave,  131072,    1000,          1,   no,      1,    0.010000,      0,     10, bitvector,  1478.668000,   4186274, 0.000381, 0.000257,     0.000297,   0.000006,   0.000013,   0.000001,      0.000000,   0.011347, 0.000001, 0.000001, 131072000, 0.780849, 1.005802, 0.033571
    preload,         256,     enclave,  262144,    1000,          1,   no,      1,    0.010000,      0,     10, bitvector,  2930.558000,   8373770, 0.000171, 0.000111,     0.000149,   0.000003,   0.000006,   0.000000,      0.000000,   0.011212, 0.000000, 0.000000, 262144000, 0.869422, 1.002929, 0.015248
    preload,         512,     enclave,  524288,    1000,          1,   no,      1,    0.010000,      0,     10, bitvector,  5833.273000,  16676104, 0.000110, 0.000080,     0.000094,   0.000002,   0.000003,   0.000000,      0.000000,   0.011143, 0.000000, 0.000000, 524288000, 0.854716, 1.001541, 0.009853
    preload,        1024,     enclave, 1048576,    1000,          1,   no,      1,    0.010000,      0,     10, bitvector, 11729.564000,  33499206, 0.000156, 0.000122,     0.000094,   0.000002,   0.000004,   0.000001,      0.000000,   0.011179, 0.000000, 0.000000, 1048576000, 0.600096, 0.999328, 0.013989
    preload,        2048,     enclave, 2097152,    1000,          1,   no,      1,    0.010000,      0,     10, bitvector, 73447.149000, 210589192, 0.000187, 0.000115,     0.000072,   0.000003,   0.000003,   0.000000,      0.000000,   0.035029, 0.000000, 0.000000, 2097152000, 0.386395, 1.000177, 0.005350
    preload,        4096,     enclave, 4194304,    1000,          1,   no,      1,    0.010000,      0,     10, bitvector, 147033.419000, 421726598, 0.000157, 0.000089,     0.000053,   0.000003,   0.000002,   0.000000,      0.000000,   0.035059, 0.000000, 0.000000, 4194304000, 0.334840, 1.000095, 0.004482
    preload,        8192,     enclave, 8388608,    1000,          1,   no,      1,    0.010000,      0,     10, bitvector, 298806.212000, 857107622, 0.001072, 0.001001,     0.001710,   0.000024,   0.000002,   0.000015,      0.000000,   0.035583, 0.000000, 0.000000, 8388608000, 1.595025, 0.998943, 0.030128
    preload,       16384,     enclave, 16777216,    1000,          1,   no,      1,    0.010000,      0,     10, bitvector, 593540.375000, 1702031684, 0.000153, 0.000080,     0.000046,   0.000003,   0.000002,   0.000000,      0.000000,   0.035375, 0.000000, 0.000000, 16777216000, 0.300274, 0.999926, 0.004326
    preload,       32768,     enclave, 33554432,    1000,          1,   no,      1,    0.010000,      0,     10, bitvector, 2002735.226000, 5751520190, 0.000402, 0.000197,     0.000074,   0.000005,   0.000004,   0.000003,      0.000000,   0.059664, 0.000001, 0.000000, 33554432000, 0.183969, 0.999622, 0.006746
    preload,       65536,     enclave, 67108864,    1000,          1,   no,      1,    0.010000,      0,     10, bitvector, 4857654.929000, 13946589824, 0.000592, 0.000323,     0.000089,   0.000006,   0.000007,   0.000010,      0.000000,   0.072356, 0.000001, 0.000000, 67108864000, 0.149531, 0.999604, 0.008188
    preload,      131072,     enclave, 134217728,    1000,          1,   no,      1,    0.010000,      0,     10, bitvector, 10649365.929000, 30577985930, 0.000618, 0.000368,     0.000305,   0.000009,   0.000006,   0.000008,      0.000000,   0.079312, 0.000001, 0.000000, 134217728000, 0.493077, 0.999594, 0.007798
    preload,      262144,     enclave, 268435456,    1000,          1,   no,      1,    0.010000,      0,     10, bitvector, 21989155.785000, 63137032834, 0.000594, 0.000341,     0.000256,   0.000008,   0.000006,   0.000007,      0.000000,   0.081883, 0.000001, 0.000000, 268435456000, 0.431303, 0.999595, 0.007249
    preload,      524288,     enclave, 536870912,    1000,          1,   no,      1,    0.010000,      0,     10, bitvector, 43957481.606000, 126216405160, 0.000578, 0.000326,     0.000230,   0.000008,   0.000006,   0.000006,      0.000000,   0.081846, 0.000001, 0.000000, 536870912000, 0.397578, 0.999614, 0.007057
